{
    "fuel_regulator_test": 0.1351291317460508,
    "instructor_score_ratio": 0.07742617190406687,
    "commander_sociometric_position": 0.06882210102495358,
    "adjusted_tests_avg": 0.06696264583559719,
    "teamwork_stress_interaction": 0.05827416645178642,
    "assessment_counter": 0.0508496436964761,
    "assessment_size": 0.048042425516344106,
    "commander_sociometric_ninths": 0.04802656405245198,
    "land_sea_command_ratio": 0.04602859154028459,
    "professional_lecture": 0.04350933915132998,
    "gps_test": 0.03736522735609987,
    "final_instructor_score": 0.03658237723326076,
    "billion_dollar_exercise": 0.03386629941156331,
    "number_of_trainees_in_group": 0.0320935267235942,
    "commander_qualities_exercise": 0.029506762506904812,
    "lecture_from_home": 0.027602978438936356,
    "sea_performance_final": 0.023149771648260542,
    "journey_1": 0.022301423845748004,
    "land_command": 0.022086480725985496,
    "ps2_exercise": 0.021323744829971937,
    "day_of_week": 0.0199988353497864,
    "journey_2": 0.019767848859472446,
    "persistence_final": 0.01729179978605223,
    "quality_group_score": 0.013992142365022029
}