{
    "fuel_regulator_test": 20.046492207746347,
    "instructor_score_ratio": 10.259683845907748,
    "adjusted_tests_avg": 9.217583596538963,
    "day_of_week": 7.80377717320907,
    "billion_dollar_exercise": 7.63079068151194,
    "commander_sociometric_position": 7.350641383393935,
    "commander_qualities_exercise": 6.741989138304815,
    "journey_1": 6.548458798559598,
    "commander_sociometric_ninths": 4.8059430275614,
    "professional_lecture": 4.800508381713109,
    "sea_performance_final": 4.579114519084997,
    "teamwork_stress_interaction": 2.626048838583601,
    "land_sea_command_ratio": 2.557177053642983,
    "assessment_counter": 1.8555171333103049,
    "persistence_final": 1.2549951963762258,
    "lecture_from_home": 1.027537797273892,
    "land_command": 0.8937412272810806,
    "quality_group_score": 0.0,
    "final_instructor_score": 0.0,
    "gps_test": 0.0,
    "ps2_exercise": 0.0,
    "journey_2": 0.0,
    "number_of_trainees_in_group": 0.0,
    "assessment_size": 0.0
}