{
    "heuristic": {
        "f1": 0.3655913978494624,
        "precision": 0.2698412698412698,
        "recall": 0.5666666666666667,
        "best_threshold": 0.5
    },
    "lr": {
        "f1": 0.49586776859504134,
        "precision": 0.32967032967032966,
        "recall": 1.0,
        "best_threshold": 0.2
    },
    "rf": {
        "f1": 0.5,
        "precision": 0.3333333333333333,
        "recall": 1.0,
        "best_threshold": 0.24
    },
    "nb": {
        "f1": 0.4878048780487805,
        "precision": 0.3225806451612903,
        "recall": 1.0,
        "best_threshold": 0.2
    },
    "cb": {
        "f1": 0.5128205128205128,
        "precision": 0.3448275862068966,
        "recall": 1.0,
        "best_threshold": 0.41999999999999993
    },
    "ensemble": {
        "f1": 0.49586776859504134,
        "precision": 0.32967032967032966,
        "recall": 1.0,
        "best_threshold": 0.35999999999999993
    }
}