{
    "precision": [
        0.3225806451612903,
        0.32608695652173914,
        0.32967032967032966,
        0.3333333333333333,
        0.3258426966292135,
        0.32954545454545453,
        0.3218390804597701,
        0.32941176470588235,
        0.32142857142857145,
        0.3253012048192771,
        0.32926829268292684,
        0.32098765432098764,
        0.325,
        0.3291139240506329,
        0.3333333333333333,
        0.3246753246753247,
        0.3157894736842105,
        0.32,
        0.32432432432432434,
        0.3287671232876712,
        0.3194444444444444,
        0.323943661971831,
        0.32857142857142857,
        0.3333333333333333,
        0.3382352941176471,
        0.34328358208955223,
        0.3484848484848485,
        0.35384615384615387,
        0.359375,
        0.3548387096774194,
        0.36065573770491804,
        0.36666666666666664,
        0.3728813559322034,
        0.3620689655172414,
        0.3684210526315789,
        0.375,
        0.36363636363636365,
        0.37037037037037035,
        0.37735849056603776,
        0.36538461538461536,
        0.37254901960784315,
        0.38,
        0.3958333333333333,
        0.40425531914893614,
        0.41304347826086957,
        0.4222222222222222,
        0.4090909090909091,
        0.4186046511627907,
        0.42857142857142855,
        0.4146341463414634,
        0.425,
        0.4358974358974359,
        0.4473684210526316,
        0.4594594594594595,
        0.4444444444444444,
        0.42857142857142855,
        0.4117647058823529,
        0.42424242424242425,
        0.4375,
        0.45161290322580644,
        0.43333333333333335,
        0.41379310344827586,
        0.39285714285714285,
        0.4074074074074074,
        0.38461538461538464,
        0.4,
        0.4166666666666667,
        0.43478260869565216,
        0.45454545454545453,
        0.47619047619047616,
        0.5,
        0.47368421052631576,
        0.4444444444444444,
        0.4117647058823529,
        0.4375,
        0.4,
        0.42857142857142855,
        0.46153846153846156,
        0.4166666666666667,
        0.36363636363636365,
        0.3,
        0.2222222222222222,
        0.2857142857142857,
        0.16666666666666666,
        0.2,
        0.0,
        0.0,
        0.0,
        0.0,
        1.0
    ],
    "recall": [
        1.0,
        1.0,
        1.0,
        1.0,
        0.9666666666666667,
        0.9666666666666667,
        0.9333333333333333,
        0.9333333333333333,
        0.9,
        0.9,
        0.9,
        0.8666666666666667,
        0.8666666666666667,
        0.8666666666666667,
        0.8666666666666667,
        0.8333333333333334,
        0.8,
        0.8,
        0.8,
        0.8,
        0.7666666666666667,
        0.7666666666666667,
        0.7666666666666667,
        0.7666666666666667,
        0.7666666666666667,
        0.7666666666666667,
        0.7666666666666667,
        0.7666666666666667,
        0.7666666666666667,
        0.7333333333333333,
        0.7333333333333333,
        0.7333333333333333,
        0.7333333333333333,
        0.7,
        0.7,
        0.7,
        0.6666666666666666,
        0.6666666666666666,
        0.6666666666666666,
        0.6333333333333333,
        0.6333333333333333,
        0.6333333333333333,
        0.6333333333333333,
        0.6333333333333333,
        0.6333333333333333,
        0.6333333333333333,
        0.6,
        0.6,
        0.6,
        0.5666666666666667,
        0.5666666666666667,
        0.5666666666666667,
        0.5666666666666667,
        0.5666666666666667,
        0.5333333333333333,
        0.5,
        0.4666666666666667,
        0.4666666666666667,
        0.4666666666666667,
        0.4666666666666667,
        0.43333333333333335,
        0.4,
        0.36666666666666664,
        0.36666666666666664,
        0.3333333333333333,
        0.3333333333333333,
        0.3333333333333333,
        0.3333333333333333,
        0.3333333333333333,
        0.3333333333333333,
        0.3333333333333333,
        0.3,
        0.26666666666666666,
        0.23333333333333334,
        0.23333333333333334,
        0.2,
        0.2,
        0.2,
        0.16666666666666666,
        0.13333333333333333,
        0.1,
        0.06666666666666667,
        0.06666666666666667,
        0.03333333333333333,
        0.03333333333333333,
        0.0,
        0.0,
        0.0,
        0.0,
        0.0
    ]
}