{
    "precision": [
        0.3225806451612903,
        0.2698412698412698,
        1.0
    ],
    "recall": [
        1.0,
        0.5666666666666667,
        0.0
    ]
}