{
    "precision": [
        0.3225806451612903,
        0.32608695652173914,
        0.32967032967032966,
        0.32222222222222224,
        0.3146067415730337,
        0.3068181818181818,
        0.2988505747126437,
        0.3023255813953488,
        0.3058823529411765,
        0.30952380952380953,
        0.3132530120481928,
        0.3170731707317073,
        0.32098765432098764,
        0.3125,
        0.3076923076923077,
        0.3116883116883117,
        0.3157894736842105,
        0.32,
        0.3108108108108108,
        0.3150684931506849,
        0.3194444444444444,
        0.323943661971831,
        0.32857142857142857,
        0.3333333333333333,
        0.3235294117647059,
        0.31343283582089554,
        0.30303030303030304,
        0.2923076923076923,
        0.28125,
        0.2857142857142857,
        0.2903225806451613,
        0.29508196721311475,
        0.3,
        0.288135593220339,
        0.29310344827586204,
        0.2982456140350877,
        0.30357142857142855,
        0.2909090909090909,
        0.2962962962962963,
        0.3018867924528302,
        0.28846153846153844,
        0.29411764705882354,
        0.3,
        0.2857142857142857,
        0.2708333333333333,
        0.2765957446808511,
        0.2608695652173913,
        0.26666666666666666,
        0.25,
        0.23255813953488372,
        0.21428571428571427,
        0.21951219512195122,
        0.225,
        0.23076923076923078,
        0.21052631578947367,
        0.21621621621621623,
        0.2222222222222222,
        0.22857142857142856,
        0.23529411764705882,
        0.24242424242424243,
        0.21875,
        0.22580645161290322,
        0.2,
        0.20689655172413793,
        0.21428571428571427,
        0.2222222222222222,
        0.19230769230769232,
        0.2,
        0.20833333333333334,
        0.21739130434782608,
        0.23809523809523808,
        0.2631578947368421,
        0.2777777777777778,
        0.29411764705882354,
        0.25,
        0.26666666666666666,
        0.2857142857142857,
        0.3076923076923077,
        0.25,
        0.3,
        0.3333333333333333,
        0.375,
        0.42857142857142855,
        0.5,
        0.4,
        0.25,
        0.3333333333333333,
        0.5,
        1.0,
        1.0
    ],
    "recall": [
        1.0,
        1.0,
        1.0,
        0.9666666666666667,
        0.9333333333333333,
        0.9,
        0.8666666666666667,
        0.8666666666666667,
        0.8666666666666667,
        0.8666666666666667,
        0.8666666666666667,
        0.8666666666666667,
        0.8666666666666667,
        0.8333333333333334,
        0.8,
        0.8,
        0.8,
        0.8,
        0.7666666666666667,
        0.7666666666666667,
        0.7666666666666667,
        0.7666666666666667,
        0.7666666666666667,
        0.7666666666666667,
        0.7333333333333333,
        0.7,
        0.6666666666666666,
        0.6333333333333333,
        0.6,
        0.6,
        0.6,
        0.6,
        0.6,
        0.5666666666666667,
        0.5666666666666667,
        0.5666666666666667,
        0.5666666666666667,
        0.5333333333333333,
        0.5333333333333333,
        0.5333333333333333,
        0.5,
        0.5,
        0.5,
        0.4666666666666667,
        0.43333333333333335,
        0.43333333333333335,
        0.4,
        0.4,
        0.36666666666666664,
        0.3333333333333333,
        0.3,
        0.3,
        0.3,
        0.3,
        0.26666666666666666,
        0.26666666666666666,
        0.26666666666666666,
        0.26666666666666666,
        0.26666666666666666,
        0.26666666666666666,
        0.23333333333333334,
        0.23333333333333334,
        0.2,
        0.2,
        0.2,
        0.2,
        0.16666666666666666,
        0.16666666666666666,
        0.16666666666666666,
        0.16666666666666666,
        0.16666666666666666,
        0.16666666666666666,
        0.16666666666666666,
        0.16666666666666666,
        0.13333333333333333,
        0.13333333333333333,
        0.13333333333333333,
        0.13333333333333333,
        0.1,
        0.1,
        0.1,
        0.1,
        0.1,
        0.1,
        0.06666666666666667,
        0.03333333333333333,
        0.03333333333333333,
        0.03333333333333333,
        0.03333333333333333,
        0.0
    ]
}