{
    "precision": [
        0.3225806451612903,
        0.32608695652173914,
        0.32967032967032966,
        0.3333333333333333,
        0.33707865168539325,
        0.3409090909090909,
        0.3448275862068966,
        0.3488372093023256,
        0.3411764705882353,
        0.34523809523809523,
        0.3493975903614458,
        0.34146341463414637,
        0.345679012345679,
        0.34177215189873417,
        0.34615384615384615,
        0.33766233766233766,
        0.32894736842105265,
        0.3333333333333333,
        0.32432432432432434,
        0.3150684931506849,
        0.3055555555555556,
        0.30985915492957744,
        0.3142857142857143,
        0.30434782608695654,
        0.3088235294117647,
        0.30303030303030304,
        0.2923076923076923,
        0.296875,
        0.2857142857142857,
        0.2903225806451613,
        0.29508196721311475,
        0.3050847457627119,
        0.29310344827586204,
        0.2807017543859649,
        0.2857142857142857,
        0.2909090909090909,
        0.2777777777777778,
        0.28846153846153844,
        0.28,
        0.2857142857142857,
        0.2916666666666667,
        0.2765957446808511,
        0.2826086956521739,
        0.26666666666666666,
        0.2727272727272727,
        0.27906976744186046,
        0.2926829268292683,
        0.275,
        0.28205128205128205,
        0.2631578947368421,
        0.2702702702702703,
        0.2777777777777778,
        0.2857142857142857,
        0.2727272727272727,
        0.28125,
        0.2903225806451613,
        0.3,
        0.3103448275862069,
        0.32142857142857145,
        0.3333333333333333,
        0.3076923076923077,
        0.28,
        0.25,
        0.2608695652173913,
        0.2727272727272727,
        0.23809523809523808,
        0.2,
        0.21052631578947367,
        0.2222222222222222,
        0.17647058823529413,
        0.1875,
        0.2,
        0.21428571428571427,
        0.15384615384615385,
        0.16666666666666666,
        0.18181818181818182,
        0.1,
        0.0,
        0.0,
        0.0,
        0.0,
        0.0,
        0.0,
        0.0,
        0.0,
        1.0
    ],
    "recall": [
        1.0,
        1.0,
        1.0,
        1.0,
        1.0,
        1.0,
        1.0,
        1.0,
        0.9666666666666667,
        0.9666666666666667,
        0.9666666666666667,
        0.9333333333333333,
        0.9333333333333333,
        0.9,
        0.9,
        0.8666666666666667,
        0.8333333333333334,
        0.8333333333333334,
        0.8,
        0.7666666666666667,
        0.7333333333333333,
        0.7333333333333333,
        0.7333333333333333,
        0.7,
        0.7,
        0.6666666666666666,
        0.6333333333333333,
        0.6333333333333333,
        0.6,
        0.6,
        0.6,
        0.6,
        0.5666666666666667,
        0.5333333333333333,
        0.5333333333333333,
        0.5333333333333333,
        0.5,
        0.5,
        0.4666666666666667,
        0.4666666666666667,
        0.4666666666666667,
        0.43333333333333335,
        0.43333333333333335,
        0.4,
        0.4,
        0.4,
        0.4,
        0.36666666666666664,
        0.36666666666666664,
        0.3333333333333333,
        0.3333333333333333,
        0.3333333333333333,
        0.3333333333333333,
        0.3,
        0.3,
        0.3,
        0.3,
        0.3,
        0.3,
        0.3,
        0.26666666666666666,
        0.23333333333333334,
        0.2,
        0.2,
        0.2,
        0.16666666666666666,
        0.13333333333333333,
        0.13333333333333333,
        0.13333333333333333,
        0.1,
        0.1,
        0.1,
        0.1,
        0.06666666666666667,
        0.06666666666666667,
        0.06666666666666667,
        0.03333333333333333,
        0.0,
        0.0,
        0.0,
        0.0,
        0.0,
        0.0,
        0.0,
        0.0,
        0.0
    ]
}