{
    "precision": [
        0.3225806451612903,
        0.32608695652173914,
        0.32967032967032966,
        0.3333333333333333,
        0.3258426966292135,
        0.3181818181818182,
        0.3218390804597701,
        0.32558139534883723,
        0.3176470588235294,
        0.30952380952380953,
        0.3132530120481928,
        0.3170731707317073,
        0.32098765432098764,
        0.3291139240506329,
        0.3333333333333333,
        0.3246753246753247,
        0.32894736842105265,
        0.3333333333333333,
        0.32432432432432434,
        0.3287671232876712,
        0.3333333333333333,
        0.32857142857142857,
        0.3333333333333333,
        0.3382352941176471,
        0.34328358208955223,
        0.3484848484848485,
        0.3384615384615385,
        0.34375,
        0.3333333333333333,
        0.3387096774193548,
        0.3442622950819672,
        0.35,
        0.3559322033898305,
        0.3620689655172414,
        0.3684210526315789,
        0.375,
        0.38181818181818183,
        0.37037037037037035,
        0.3584905660377358,
        0.34615384615384615,
        0.35294117647058826,
        0.36,
        0.3673469387755102,
        0.375,
        0.3829787234042553,
        0.391304347826087,
        0.4,
        0.4186046511627907,
        0.42857142857142855,
        0.4146341463414634,
        0.4,
        0.41025641025641024,
        0.42105263157894735,
        0.43243243243243246,
        0.4166666666666667,
        0.4,
        0.4117647058823529,
        0.3939393939393939,
        0.40625,
        0.41935483870967744,
        0.4,
        0.3793103448275862,
        0.39285714285714285,
        0.37037037037037035,
        0.34615384615384615,
        0.32,
        0.3333333333333333,
        0.34782608695652173,
        0.36363636363636365,
        0.3333333333333333,
        0.3,
        0.3157894736842105,
        0.3333333333333333,
        0.35294117647058826,
        0.3125,
        0.3333333333333333,
        0.35714285714285715,
        0.3076923076923077,
        0.25,
        0.2727272727272727,
        0.2,
        0.1111111111111111,
        0.0,
        0.0,
        0.0,
        0.0,
        0.0,
        0.0,
        0.0,
        1.0
    ],
    "recall": [
        1.0,
        1.0,
        1.0,
        1.0,
        0.9666666666666667,
        0.9333333333333333,
        0.9333333333333333,
        0.9333333333333333,
        0.9,
        0.8666666666666667,
        0.8666666666666667,
        0.8666666666666667,
        0.8666666666666667,
        0.8666666666666667,
        0.8666666666666667,
        0.8333333333333334,
        0.8333333333333334,
        0.8333333333333334,
        0.8,
        0.8,
        0.8,
        0.7666666666666667,
        0.7666666666666667,
        0.7666666666666667,
        0.7666666666666667,
        0.7666666666666667,
        0.7333333333333333,
        0.7333333333333333,
        0.7,
        0.7,
        0.7,
        0.7,
        0.7,
        0.7,
        0.7,
        0.7,
        0.7,
        0.6666666666666666,
        0.6333333333333333,
        0.6,
        0.6,
        0.6,
        0.6,
        0.6,
        0.6,
        0.6,
        0.6,
        0.6,
        0.6,
        0.5666666666666667,
        0.5333333333333333,
        0.5333333333333333,
        0.5333333333333333,
        0.5333333333333333,
        0.5,
        0.4666666666666667,
        0.4666666666666667,
        0.43333333333333335,
        0.43333333333333335,
        0.43333333333333335,
        0.4,
        0.36666666666666664,
        0.36666666666666664,
        0.3333333333333333,
        0.3,
        0.26666666666666666,
        0.26666666666666666,
        0.26666666666666666,
        0.26666666666666666,
        0.23333333333333334,
        0.2,
        0.2,
        0.2,
        0.2,
        0.16666666666666666,
        0.16666666666666666,
        0.16666666666666666,
        0.13333333333333333,
        0.1,
        0.1,
        0.06666666666666667,
        0.03333333333333333,
        0.0,
        0.0,
        0.0,
        0.0,
        0.0,
        0.0,
        0.0,
        0.0
    ]
}