{
    "precision": [
        0.3225806451612903,
        0.32608695652173914,
        0.32967032967032966,
        0.3333333333333333,
        0.3258426966292135,
        0.3181818181818182,
        0.3218390804597701,
        0.32558139534883723,
        0.3176470588235294,
        0.30952380952380953,
        0.30120481927710846,
        0.3048780487804878,
        0.30864197530864196,
        0.3125,
        0.31645569620253167,
        0.32051282051282054,
        0.3157894736842105,
        0.32,
        0.32432432432432434,
        0.3287671232876712,
        0.3333333333333333,
        0.3380281690140845,
        0.34285714285714286,
        0.34782608695652173,
        0.35294117647058826,
        0.3582089552238806,
        0.3484848484848485,
        0.35384615384615387,
        0.34375,
        0.3492063492063492,
        0.36065573770491804,
        0.36666666666666664,
        0.3728813559322034,
        0.3620689655172414,
        0.3684210526315789,
        0.375,
        0.36363636363636365,
        0.35185185185185186,
        0.33962264150943394,
        0.34615384615384615,
        0.35294117647058826,
        0.34,
        0.32653061224489793,
        0.3333333333333333,
        0.3191489361702128,
        0.32608695652173914,
        0.3333333333333333,
        0.3181818181818182,
        0.32558139534883723,
        0.30952380952380953,
        0.3170731707317073,
        0.3,
        0.28205128205128205,
        0.2631578947368421,
        0.2702702702702703,
        0.2777777777777778,
        0.2857142857142857,
        0.29411764705882354,
        0.30303030303030304,
        0.28125,
        0.2903225806451613,
        0.26666666666666666,
        0.2413793103448276,
        0.25,
        0.25925925925925924,
        0.2692307692307692,
        0.28,
        0.2916666666666667,
        0.2608695652173913,
        0.22727272727272727,
        0.23809523809523808,
        0.25,
        0.2631578947368421,
        0.2777777777777778,
        0.29411764705882354,
        0.3125,
        0.35714285714285715,
        0.3076923076923077,
        0.25,
        0.18181818181818182,
        0.2,
        0.2222222222222222,
        0.125,
        0.14285714285714285,
        0.16666666666666666,
        0.2,
        0.25,
        0.5,
        1.0,
        1.0
    ],
    "recall": [
        1.0,
        1.0,
        1.0,
        1.0,
        0.9666666666666667,
        0.9333333333333333,
        0.9333333333333333,
        0.9333333333333333,
        0.9,
        0.8666666666666667,
        0.8333333333333334,
        0.8333333333333334,
        0.8333333333333334,
        0.8333333333333334,
        0.8333333333333334,
        0.8333333333333334,
        0.8,
        0.8,
        0.8,
        0.8,
        0.8,
        0.8,
        0.8,
        0.8,
        0.8,
        0.8,
        0.7666666666666667,
        0.7666666666666667,
        0.7333333333333333,
        0.7333333333333333,
        0.7333333333333333,
        0.7333333333333333,
        0.7333333333333333,
        0.7,
        0.7,
        0.7,
        0.6666666666666666,
        0.6333333333333333,
        0.6,
        0.6,
        0.6,
        0.5666666666666667,
        0.5333333333333333,
        0.5333333333333333,
        0.5,
        0.5,
        0.5,
        0.4666666666666667,
        0.4666666666666667,
        0.43333333333333335,
        0.43333333333333335,
        0.4,
        0.36666666666666664,
        0.3333333333333333,
        0.3333333333333333,
        0.3333333333333333,
        0.3333333333333333,
        0.3333333333333333,
        0.3333333333333333,
        0.3,
        0.3,
        0.26666666666666666,
        0.23333333333333334,
        0.23333333333333334,
        0.23333333333333334,
        0.23333333333333334,
        0.23333333333333334,
        0.23333333333333334,
        0.2,
        0.16666666666666666,
        0.16666666666666666,
        0.16666666666666666,
        0.16666666666666666,
        0.16666666666666666,
        0.16666666666666666,
        0.16666666666666666,
        0.16666666666666666,
        0.13333333333333333,
        0.1,
        0.06666666666666667,
        0.06666666666666667,
        0.06666666666666667,
        0.03333333333333333,
        0.03333333333333333,
        0.03333333333333333,
        0.03333333333333333,
        0.03333333333333333,
        0.03333333333333333,
        0.03333333333333333,
        0.0
    ]
}