{
    "fpr": [
        0.0,
        0.015873015873015872,
        0.047619047619047616,
        0.14285714285714285,
        0.14285714285714285,
        0.1746031746031746,
        0.1746031746031746,
        0.2222222222222222,
        0.2222222222222222,
        0.25396825396825395,
        0.25396825396825395,
        0.2857142857142857,
        0.2857142857142857,
        0.38095238095238093,
        0.3968253968253968,
        0.4444444444444444,
        0.4444444444444444,
        0.4603174603174603,
        0.4603174603174603,
        0.49206349206349204,
        0.5238095238095238,
        0.5238095238095238,
        0.5396825396825397,
        0.5396825396825397,
        0.5714285714285714,
        0.5873015873015873,
        0.6190476190476191,
        0.6190476190476191,
        0.6507936507936508,
        0.6507936507936508,
        0.6825396825396826,
        0.7142857142857143,
        0.7142857142857143,
        0.7301587301587301,
        0.7301587301587301,
        0.746031746031746,
        0.7619047619047619,
        0.7619047619047619,
        0.7936507936507936,
        0.7936507936507936,
        0.8095238095238095,
        0.8095238095238095,
        0.8253968253968254,
        0.8412698412698413,
        0.8571428571428571,
        0.8571428571428571,
        0.8888888888888888,
        0.8888888888888888,
        1.0
    ],
    "tpr": [
        0.0,
        0.0,
        0.0,
        0.0,
        0.06666666666666667,
        0.06666666666666667,
        0.1,
        0.1,
        0.13333333333333333,
        0.13333333333333333,
        0.2,
        0.2,
        0.3,
        0.3,
        0.3333333333333333,
        0.3333333333333333,
        0.36666666666666664,
        0.36666666666666664,
        0.4,
        0.4,
        0.4,
        0.43333333333333335,
        0.43333333333333335,
        0.4666666666666667,
        0.4666666666666667,
        0.5,
        0.5,
        0.5333333333333333,
        0.5333333333333333,
        0.6,
        0.6,
        0.6,
        0.6333333333333333,
        0.6333333333333333,
        0.6666666666666666,
        0.7,
        0.7,
        0.7333333333333333,
        0.7333333333333333,
        0.8333333333333334,
        0.8333333333333334,
        0.9,
        0.9,
        0.9333333333333333,
        0.9333333333333333,
        0.9666666666666667,
        0.9666666666666667,
        1.0,
        1.0
    ]
}