{
    "fpr": [
        0.0,
        0.7301587301587301,
        1.0
    ],
    "tpr": [
        0.0,
        0.5666666666666667,
        1.0
    ]
}