{
    "fpr": [
        0.0,
        0.0,
        0.015873015873015872,
        0.047619047619047616,
        0.1111111111111111,
        0.1111111111111111,
        0.14285714285714285,
        0.14285714285714285,
        0.1746031746031746,
        0.2698412698412698,
        0.2698412698412698,
        0.3492063492063492,
        0.3492063492063492,
        0.36507936507936506,
        0.36507936507936506,
        0.4444444444444444,
        0.4444444444444444,
        0.4603174603174603,
        0.4603174603174603,
        0.47619047619047616,
        0.47619047619047616,
        0.5079365079365079,
        0.5079365079365079,
        0.5238095238095238,
        0.5238095238095238,
        0.5555555555555556,
        0.5555555555555556,
        0.5873015873015873,
        0.5873015873015873,
        0.6190476190476191,
        0.6507936507936508,
        0.6666666666666666,
        0.6666666666666666,
        0.6825396825396826,
        0.6825396825396826,
        0.8253968253968254,
        0.8412698412698413,
        0.9206349206349206,
        0.9206349206349206,
        0.9523809523809523,
        0.9523809523809523,
        1.0
    ],
    "tpr": [
        0.0,
        0.03333333333333333,
        0.03333333333333333,
        0.03333333333333333,
        0.03333333333333333,
        0.06666666666666667,
        0.06666666666666667,
        0.16666666666666666,
        0.16666666666666666,
        0.16666666666666666,
        0.23333333333333334,
        0.23333333333333334,
        0.3,
        0.3,
        0.3333333333333333,
        0.3333333333333333,
        0.43333333333333335,
        0.43333333333333335,
        0.4666666666666667,
        0.4666666666666667,
        0.5,
        0.5,
        0.5333333333333333,
        0.5333333333333333,
        0.6,
        0.6,
        0.7,
        0.7,
        0.7333333333333333,
        0.7333333333333333,
        0.7333333333333333,
        0.7333333333333333,
        0.7666666666666667,
        0.7666666666666667,
        0.8,
        0.8,
        0.8333333333333334,
        0.8333333333333334,
        0.9333333333333333,
        0.9333333333333333,
        1.0,
        1.0
    ]
}