{
    "fpr": [
        0.0,
        0.015873015873015872,
        0.06349206349206349,
        0.06349206349206349,
        0.07936507936507936,
        0.07936507936507936,
        0.1111111111111111,
        0.1111111111111111,
        0.14285714285714285,
        0.14285714285714285,
        0.15873015873015872,
        0.15873015873015872,
        0.25396825396825395,
        0.25396825396825395,
        0.2698412698412698,
        0.2698412698412698,
        0.31746031746031744,
        0.31746031746031744,
        0.38095238095238093,
        0.38095238095238093,
        0.4126984126984127,
        0.4126984126984127,
        0.4603174603174603,
        0.49206349206349204,
        0.5238095238095238,
        0.5238095238095238,
        0.5555555555555556,
        0.5555555555555556,
        0.5873015873015873,
        0.5873015873015873,
        0.6349206349206349,
        0.6507936507936508,
        0.7777777777777778,
        0.7777777777777778,
        0.8253968253968254,
        0.8253968253968254,
        0.873015873015873,
        0.873015873015873,
        0.9047619047619048,
        0.9047619047619048,
        0.9365079365079365,
        0.9365079365079365,
        0.9523809523809523,
        0.9523809523809523,
        1.0
    ],
    "tpr": [
        0.0,
        0.0,
        0.0,
        0.03333333333333333,
        0.03333333333333333,
        0.06666666666666667,
        0.06666666666666667,
        0.2,
        0.2,
        0.23333333333333334,
        0.23333333333333334,
        0.3333333333333333,
        0.3333333333333333,
        0.36666666666666664,
        0.36666666666666664,
        0.4666666666666667,
        0.4666666666666667,
        0.5666666666666667,
        0.5666666666666667,
        0.6,
        0.6,
        0.6333333333333333,
        0.6333333333333333,
        0.6333333333333333,
        0.6333333333333333,
        0.6666666666666666,
        0.6666666666666666,
        0.7,
        0.7,
        0.7333333333333333,
        0.7333333333333333,
        0.7666666666666667,
        0.7666666666666667,
        0.8,
        0.8,
        0.8666666666666667,
        0.8666666666666667,
        0.9,
        0.9,
        0.9333333333333333,
        0.9333333333333333,
        0.9666666666666667,
        0.9666666666666667,
        1.0,
        1.0
    ]
}