{
    "fpr": [
        0.0,
        0.015873015873015872,
        0.047619047619047616,
        0.12698412698412698,
        0.12698412698412698,
        0.14285714285714285,
        0.14285714285714285,
        0.1746031746031746,
        0.1746031746031746,
        0.2222222222222222,
        0.2222222222222222,
        0.2698412698412698,
        0.2698412698412698,
        0.2857142857142857,
        0.2857142857142857,
        0.31746031746031744,
        0.31746031746031744,
        0.3333333333333333,
        0.3333333333333333,
        0.38095238095238093,
        0.38095238095238093,
        0.3968253968253968,
        0.42857142857142855,
        0.5396825396825397,
        0.5396825396825397,
        0.6666666666666666,
        0.6666666666666666,
        0.6825396825396826,
        0.6825396825396826,
        0.746031746031746,
        0.7619047619047619,
        0.7936507936507936,
        0.7936507936507936,
        0.8253968253968254,
        0.8253968253968254,
        0.8412698412698413,
        0.873015873015873,
        0.9206349206349206,
        0.9206349206349206,
        0.9523809523809523,
        0.9523809523809523,
        1.0
    ],
    "tpr": [
        0.0,
        0.0,
        0.0,
        0.0,
        0.1,
        0.1,
        0.16666666666666666,
        0.16666666666666666,
        0.2,
        0.2,
        0.26666666666666666,
        0.26666666666666666,
        0.36666666666666664,
        0.36666666666666664,
        0.43333333333333335,
        0.43333333333333335,
        0.4666666666666667,
        0.4666666666666667,
        0.5333333333333333,
        0.5333333333333333,
        0.6,
        0.6,
        0.6,
        0.6,
        0.7,
        0.7,
        0.7333333333333333,
        0.7333333333333333,
        0.7666666666666667,
        0.7666666666666667,
        0.8,
        0.8,
        0.8333333333333334,
        0.8333333333333334,
        0.8666666666666667,
        0.8666666666666667,
        0.8666666666666667,
        0.8666666666666667,
        0.9333333333333333,
        0.9333333333333333,
        1.0,
        1.0
    ]
}