{
    "fpr": [
        0.0,
        0.0,
        0.047619047619047616,
        0.047619047619047616,
        0.1111111111111111,
        0.14285714285714285,
        0.14285714285714285,
        0.19047619047619047,
        0.19047619047619047,
        0.2222222222222222,
        0.2857142857142857,
        0.3333333333333333,
        0.3333333333333333,
        0.38095238095238093,
        0.38095238095238093,
        0.3968253968253968,
        0.3968253968253968,
        0.47619047619047616,
        0.47619047619047616,
        0.5238095238095238,
        0.5238095238095238,
        0.5396825396825397,
        0.5396825396825397,
        0.5555555555555556,
        0.5555555555555556,
        0.5873015873015873,
        0.5873015873015873,
        0.6190476190476191,
        0.6190476190476191,
        0.6666666666666666,
        0.6666666666666666,
        0.7301587301587301,
        0.7301587301587301,
        0.8095238095238095,
        0.8095238095238095,
        0.8571428571428571,
        0.873015873015873,
        0.873015873015873,
        0.9682539682539683,
        0.9682539682539683,
        1.0
    ],
    "tpr": [
        0.0,
        0.03333333333333333,
        0.03333333333333333,
        0.1,
        0.1,
        0.1,
        0.13333333333333333,
        0.13333333333333333,
        0.16666666666666666,
        0.16666666666666666,
        0.16666666666666666,
        0.16666666666666666,
        0.2,
        0.2,
        0.23333333333333334,
        0.23333333333333334,
        0.26666666666666666,
        0.26666666666666666,
        0.3,
        0.3,
        0.4,
        0.4,
        0.43333333333333335,
        0.43333333333333335,
        0.5,
        0.5,
        0.5333333333333333,
        0.5333333333333333,
        0.5666666666666667,
        0.5666666666666667,
        0.6,
        0.6,
        0.7666666666666667,
        0.7666666666666667,
        0.8,
        0.8,
        0.8333333333333334,
        0.8666666666666667,
        0.8666666666666667,
        1.0,
        1.0
    ]
}