{
    "0.2": 0.4878048780487805,
    "0.22": 0.4878048780487805,
    "0.24": 0.4878048780487805,
    "0.26": 0.4878048780487805,
    "0.27999999999999997": 0.4878048780487805,
    "0.29999999999999993": 0.4878048780487805,
    "0.31999999999999995": 0.4878048780487805,
    "0.33999999999999997": 0.4878048780487805,
    "0.35999999999999993": 0.4878048780487805,
    "0.3799999999999999": 0.4918032786885246,
    "0.3999999999999999": 0.5042016806722689,
    "0.41999999999999993": 0.5128205128205128,
    "0.4399999999999999": 0.47619047619047616,
    "0.4599999999999999": 0.3870967741935484,
    "0.47999999999999987": 0.3050847457627119,
    "0.49999999999999983": 0.1276595744680851,
    "0.5199999999999998": 0.0,
    "0.5399999999999998": 0.0,
    "0.5599999999999998": 0.0,
    "0.5799999999999998": 0.0,
    "0.5999999999999999": 0.0,
    "0.6199999999999999": 0.0,
    "0.6399999999999998": 0.0,
    "0.6599999999999997": 0.0,
    "0.6799999999999997": 0.0,
    "0.6999999999999997": 0.0,
    "0.7199999999999998": 0.0,
    "0.7399999999999998": 0.0,
    "0.7599999999999998": 0.0,
    "0.7799999999999998": 0.0,
    "0.7999999999999996": 0.0
}