{
    "0.2": 0.4878048780487805,
    "0.22": 0.4878048780487805,
    "0.24": 0.4878048780487805,
    "0.26": 0.4878048780487805,
    "0.27999999999999997": 0.4878048780487805,
    "0.29999999999999993": 0.4878048780487805,
    "0.31999999999999995": 0.4878048780487805,
    "0.33999999999999997": 0.4918032786885246,
    "0.35999999999999993": 0.49586776859504134,
    "0.3799999999999999": 0.49586776859504134,
    "0.3999999999999999": 0.49586776859504134,
    "0.41999999999999993": 0.49586776859504134,
    "0.4399999999999999": 0.49586776859504134,
    "0.4599999999999999": 0.48739495798319327,
    "0.47999999999999987": 0.46956521739130436,
    "0.49999999999999983": 0.47706422018348627,
    "0.5199999999999998": 0.4672897196261682,
    "0.5399999999999998": 0.46938775510204084,
    "0.5599999999999998": 0.45652173913043476,
    "0.5799999999999998": 0.47619047619047616,
    "0.5999999999999999": 0.48,
    "0.6199999999999999": 0.41935483870967744,
    "0.6399999999999998": 0.3076923076923077,
    "0.6599999999999997": 0.2222222222222222,
    "0.6799999999999997": 0.0,
    "0.6999999999999997": 0.0,
    "0.7199999999999998": 0.0,
    "0.7399999999999998": 0.0,
    "0.7599999999999998": 0.0,
    "0.7799999999999998": 0.0,
    "0.7999999999999996": 0.0
}