{
    "0.2": 0.49586776859504134,
    "0.22": 0.49586776859504134,
    "0.24": 0.5,
    "0.26": 0.5,
    "0.27999999999999997": 0.5,
    "0.29999999999999993": 0.48739495798319327,
    "0.31999999999999995": 0.47863247863247865,
    "0.33999999999999997": 0.48214285714285715,
    "0.35999999999999993": 0.47706422018348627,
    "0.3799999999999999": 0.4672897196261682,
    "0.3999999999999999": 0.46,
    "0.41999999999999993": 0.4782608695652174,
    "0.4399999999999999": 0.475,
    "0.4599999999999999": 0.4927536231884058,
    "0.47999999999999987": 0.46153846153846156,
    "0.49999999999999983": 0.38461538461538464,
    "0.5199999999999998": 0.2978723404255319,
    "0.5399999999999998": 0.15,
    "0.5599999999999998": 0.05714285714285714,
    "0.5799999999999998": 0.05714285714285714,
    "0.5999999999999999": 0.0,
    "0.6199999999999999": 0.0,
    "0.6399999999999998": 0.0,
    "0.6599999999999997": 0.0,
    "0.6799999999999997": 0.0,
    "0.6999999999999997": 0.0,
    "0.7199999999999998": 0.0,
    "0.7399999999999998": 0.0,
    "0.7599999999999998": 0.0,
    "0.7799999999999998": 0.0,
    "0.7999999999999996": 0.0
}