{
    "0.2": 0.49586776859504134,
    "0.22": 0.49586776859504134,
    "0.24": 0.49586776859504134,
    "0.26": 0.49586776859504134,
    "0.27999999999999997": 0.49586776859504134,
    "0.29999999999999993": 0.49586776859504134,
    "0.31999999999999995": 0.4745762711864407,
    "0.33999999999999997": 0.4827586206896552,
    "0.35999999999999993": 0.4424778761061947,
    "0.3799999999999999": 0.4528301886792453,
    "0.3999999999999999": 0.47058823529411764,
    "0.41999999999999993": 0.4842105263157895,
    "0.4399999999999999": 0.47058823529411764,
    "0.4599999999999999": 0.4444444444444444,
    "0.47999999999999987": 0.4050632911392405,
    "0.49999999999999983": 0.36619718309859156,
    "0.5199999999999998": 0.3076923076923077,
    "0.5399999999999998": 0.2413793103448276,
    "0.5599999999999998": 0.22641509433962265,
    "0.5799999999999998": 0.21739130434782608,
    "0.5999999999999999": 0.14285714285714285,
    "0.6199999999999999": 0.1,
    "0.6399999999999998": 0.05405405405405406,
    "0.6599999999999997": 0.05714285714285714,
    "0.6799999999999997": 0.0625,
    "0.6999999999999997": 0.06451612903225806,
    "0.7199999999999998": 0.06451612903225806,
    "0.7399999999999998": 0.0,
    "0.7599999999999998": 0.0,
    "0.7799999999999998": 0.0,
    "0.7999999999999996": 0.0
}