{
    "gps_test": 0.14109451416968363,
    "friend_sociometric_position": 0.13197194820891073,
    "number_of_trainees_in_group": 0.11487703395961085,
    "sociometric_stretchers": 0.10540128420719456,
    "teamwork_final": 0.10361999003780253,
    "sea_command": 0.09285821618981321,
    "friend_sociometric_ninths": 0.08941811753757767,
    "command_final": 0.088318423967483,
    "stress_resilience_final": 0.08140837872223258,
    "stem_units": 0.040174106338932765,
    "adjusted_tests_avg": 0.008438382970481377,
    "short_assessment": 0.002419603690277035
}