{
    "commander_sociometric_position": 0.1396947488020051,
    "naval_officers_formula_score": 0.10546769939009915,
    "land_sea_command_ratio": 0.09022596195044727,
    "log_gps_test": 0.08539625955239506,
    "thinking_ability_final": 0.08428185375705864,
    "billion_dollar_exercise": 0.06608510542040903,
    "sea_performance_final": 0.06576757096929463,
    "sociometric_stretchers": 0.06465797265434178,
    "friend_sociometric_ninths": 0.06441199696083487,
    "professional_lecture": 0.06232847672354918,
    "ps2_exercise": 0.05530433713324309,
    "command_final": 0.05087626677720253,
    "quality_group_score": 0.04536325825383503,
    "stem_units": 0.020138491655284495,
    "adjusted_tests_avg": 0.0
}