{
    "friend_sociometric_position": 27.33340705662583,
    "gps_test": 15.556117662448417,
    "sea_command": 14.680885171106924,
    "number_of_trainees_in_group": 14.421654232847688,
    "teamwork_final": 11.98778514925253,
    "sociometric_stretchers": 7.840825516657936,
    "stress_resilience_final": 3.760696499940485,
    "command_final": 2.6510915541578917,
    "friend_sociometric_ninths": 0.6027547617126976,
    "stem_units": 0.5719438376898321,
    "short_assessment": 0.3643316268990148,
    "adjusted_tests_avg": 0.228506930660747
}