{
    "commander_sociometric_position": 13.537054760903557,
    "billion_dollar_exercise": 10.887737706236972,
    "log_gps_test": 9.418902883981028,
    "thinking_ability_final": 9.17596442502134,
    "ps2_exercise": 7.226269631611678,
    "quality_group_score": 6.940771417067371,
    "professional_lecture": 6.691189116897916,
    "sea_performance_final": 6.48659481929501,
    "friend_sociometric_ninths": 6.468614395663725,
    "sociometric_stretchers": 5.807984620269597,
    "command_final": 5.265277792074886,
    "naval_officers_formula_score": 4.972081790456708,
    "land_sea_command_ratio": 4.463608224895785,
    "stem_units": 2.6374870186903565,
    "adjusted_tests_avg": 0.020461396934046996
}