{
    "lr": {
        "f1": 0.2564102564102564,
        "precision": 0.15151515151515152,
        "recall": 0.8333333333333334,
        "best_threshold": 0.3999999999999999
    },
    "rf": {
        "f1": 0.25287356321839083,
        "precision": 0.14666666666666667,
        "recall": 0.9166666666666666,
        "best_threshold": 0.41999999999999993
    },
    "nb": {
        "f1": 0.21238938053097345,
        "precision": 0.1188118811881188,
        "recall": 1.0,
        "best_threshold": 0.2
    },
    "cb": {
        "f1": 0.23376623376623376,
        "precision": 0.13846153846153847,
        "recall": 0.75,
        "best_threshold": 0.41999999999999993
    },
    "ensemble": {
        "f1": 0.24691358024691357,
        "precision": 0.14492753623188406,
        "recall": 0.8333333333333334,
        "best_threshold": 0.3799999999999999
    }
}