{
    "lr": {
        "f1": 0.3013698630136986,
        "precision": 0.2037037037037037,
        "recall": 0.5789473684210527,
        "best_threshold": 0.49999999999999994
    },
    "rf": {
        "f1": 0.2916666666666667,
        "precision": 0.18181818181818182,
        "recall": 0.7368421052631579,
        "best_threshold": 0.44999999999999996
    },
    "nb": {
        "f1": 0.3090909090909091,
        "precision": 0.18681318681318682,
        "recall": 0.8947368421052632,
        "best_threshold": 0.44999999999999996
    },
    "cb": {
        "f1": 0.27586206896551724,
        "precision": 0.17647058823529413,
        "recall": 0.631578947368421,
        "best_threshold": 0.49999999999999994
    },
    "ensemble": {
        "f1": 0.2982456140350877,
        "precision": 0.17894736842105263,
        "recall": 0.8947368421052632,
        "best_threshold": 0.44999999999999996
    }
}