{
    "precision": [
        0.1188118811881188,
        0.12,
        0.12121212121212122,
        0.11224489795918367,
        0.1134020618556701,
        0.11458333333333333,
        0.10638297872340426,
        0.10752688172043011,
        0.10869565217391304,
        0.10989010989010989,
        0.1111111111111111,
        0.11235955056179775,
        0.11363636363636363,
        0.10344827586206896,
        0.10465116279069768,
        0.10714285714285714,
        0.10843373493975904,
        0.0975609756097561,
        0.09876543209876543,
        0.1,
        0.08860759493670886,
        0.08974358974358974,
        0.09090909090909091,
        0.09210526315789473,
        0.09333333333333334,
        0.0945945945945946,
        0.0958904109589041,
        0.09722222222222222,
        0.09859154929577464,
        0.1,
        0.10144927536231885,
        0.10294117647058823,
        0.08955223880597014,
        0.09090909090909091,
        0.07692307692307693,
        0.078125,
        0.07936507936507936,
        0.08064516129032258,
        0.08333333333333333,
        0.0847457627118644,
        0.08620689655172414,
        0.08771929824561403,
        0.08928571428571429,
        0.09259259259259259,
        0.09433962264150944,
        0.09803921568627451,
        0.1,
        0.10204081632653061,
        0.08333333333333333,
        0.0851063829787234,
        0.06521739130434782,
        0.06666666666666667,
        0.06818181818181818,
        0.06976744186046512,
        0.07142857142857142,
        0.07317073170731707,
        0.075,
        0.07692307692307693,
        0.05263157894736842,
        0.05405405405405406,
        0.05555555555555555,
        0.05714285714285714,
        0.06060606060606061,
        0.0625,
        0.06451612903225806,
        0.06666666666666667,
        0.06896551724137931,
        0.07142857142857142,
        0.07407407407407407,
        0.07692307692307693,
        0.08,
        0.041666666666666664,
        0.043478260869565216,
        0.045454545454545456,
        0.0,
        0.0,
        0.0,
        0.0,
        0.0,
        0.0,
        0.0,
        0.0,
        0.0,
        0.0,
        0.0,
        0.0,
        0.0,
        0.0,
        0.0,
        0.0,
        0.0,
        0.0,
        1.0
    ],
    "recall": [
        1.0,
        1.0,
        1.0,
        0.9166666666666666,
        0.9166666666666666,
        0.9166666666666666,
        0.8333333333333334,
        0.8333333333333334,
        0.8333333333333334,
        0.8333333333333334,
        0.8333333333333334,
        0.8333333333333334,
        0.8333333333333334,
        0.75,
        0.75,
        0.75,
        0.75,
        0.6666666666666666,
        0.6666666666666666,
        0.6666666666666666,
        0.5833333333333334,
        0.5833333333333334,
        0.5833333333333334,
        0.5833333333333334,
        0.5833333333333334,
        0.5833333333333334,
        0.5833333333333334,
        0.5833333333333334,
        0.5833333333333334,
        0.5833333333333334,
        0.5833333333333334,
        0.5833333333333334,
        0.5,
        0.5,
        0.4166666666666667,
        0.4166666666666667,
        0.4166666666666667,
        0.4166666666666667,
        0.4166666666666667,
        0.4166666666666667,
        0.4166666666666667,
        0.4166666666666667,
        0.4166666666666667,
        0.4166666666666667,
        0.4166666666666667,
        0.4166666666666667,
        0.4166666666666667,
        0.4166666666666667,
        0.3333333333333333,
        0.3333333333333333,
        0.25,
        0.25,
        0.25,
        0.25,
        0.25,
        0.25,
        0.25,
        0.25,
        0.16666666666666666,
        0.16666666666666666,
        0.16666666666666666,
        0.16666666666666666,
        0.16666666666666666,
        0.16666666666666666,
        0.16666666666666666,
        0.16666666666666666,
        0.16666666666666666,
        0.16666666666666666,
        0.16666666666666666,
        0.16666666666666666,
        0.16666666666666666,
        0.08333333333333333,
        0.08333333333333333,
        0.08333333333333333,
        0.0,
        0.0,
        0.0,
        0.0,
        0.0,
        0.0,
        0.0,
        0.0,
        0.0,
        0.0,
        0.0,
        0.0,
        0.0,
        0.0,
        0.0,
        0.0,
        0.0,
        0.0,
        0.0
    ]
}