{
    "precision": [
        0.1188118811881188,
        0.12,
        0.12121212121212122,
        0.12244897959183673,
        0.12371134020618557,
        0.125,
        0.12631578947368421,
        0.1276595744680851,
        0.12903225806451613,
        0.13043478260869565,
        0.13186813186813187,
        0.12222222222222222,
        0.12359550561797752,
        0.125,
        0.12790697674418605,
        0.13095238095238096,
        0.13253012048192772,
        0.13414634146341464,
        0.13580246913580246,
        0.125,
        0.12658227848101267,
        0.1282051282051282,
        0.12987012987012986,
        0.13157894736842105,
        0.13333333333333333,
        0.13513513513513514,
        0.136986301369863,
        0.1388888888888889,
        0.14084507042253522,
        0.14492753623188406,
        0.14705882352941177,
        0.14925373134328357,
        0.15151515151515152,
        0.15384615384615385,
        0.140625,
        0.14285714285714285,
        0.14516129032258066,
        0.13114754098360656,
        0.13333333333333333,
        0.13559322033898305,
        0.13793103448275862,
        0.14285714285714285,
        0.14545454545454545,
        0.14814814814814814,
        0.1509433962264151,
        0.15384615384615385,
        0.1568627450980392,
        0.16,
        0.14583333333333334,
        0.14893617021276595,
        0.15217391304347827,
        0.15555555555555556,
        0.13636363636363635,
        0.13953488372093023,
        0.14285714285714285,
        0.14634146341463414,
        0.15,
        0.15384615384615385,
        0.15789473684210525,
        0.13513513513513514,
        0.1388888888888889,
        0.14285714285714285,
        0.12121212121212122,
        0.125,
        0.12903225806451613,
        0.13333333333333333,
        0.13793103448275862,
        0.10714285714285714,
        0.1111111111111111,
        0.11538461538461539,
        0.08,
        0.08695652173913043,
        0.09090909090909091,
        0.09523809523809523,
        0.1,
        0.1111111111111111,
        0.11764705882352941,
        0.125,
        0.13333333333333333,
        0.14285714285714285,
        0.15384615384615385,
        0.16666666666666666,
        0.18181818181818182,
        0.2,
        0.1111111111111111,
        0.125,
        0.14285714285714285,
        0.16666666666666666,
        0.2,
        0.0,
        0.0,
        0.0,
        1.0
    ],
    "recall": [
        1.0,
        1.0,
        1.0,
        1.0,
        1.0,
        1.0,
        1.0,
        1.0,
        1.0,
        1.0,
        1.0,
        0.9166666666666666,
        0.9166666666666666,
        0.9166666666666666,
        0.9166666666666666,
        0.9166666666666666,
        0.9166666666666666,
        0.9166666666666666,
        0.9166666666666666,
        0.8333333333333334,
        0.8333333333333334,
        0.8333333333333334,
        0.8333333333333334,
        0.8333333333333334,
        0.8333333333333334,
        0.8333333333333334,
        0.8333333333333334,
        0.8333333333333334,
        0.8333333333333334,
        0.8333333333333334,
        0.8333333333333334,
        0.8333333333333334,
        0.8333333333333334,
        0.8333333333333334,
        0.75,
        0.75,
        0.75,
        0.6666666666666666,
        0.6666666666666666,
        0.6666666666666666,
        0.6666666666666666,
        0.6666666666666666,
        0.6666666666666666,
        0.6666666666666666,
        0.6666666666666666,
        0.6666666666666666,
        0.6666666666666666,
        0.6666666666666666,
        0.5833333333333334,
        0.5833333333333334,
        0.5833333333333334,
        0.5833333333333334,
        0.5,
        0.5,
        0.5,
        0.5,
        0.5,
        0.5,
        0.5,
        0.4166666666666667,
        0.4166666666666667,
        0.4166666666666667,
        0.3333333333333333,
        0.3333333333333333,
        0.3333333333333333,
        0.3333333333333333,
        0.3333333333333333,
        0.25,
        0.25,
        0.25,
        0.16666666666666666,
        0.16666666666666666,
        0.16666666666666666,
        0.16666666666666666,
        0.16666666666666666,
        0.16666666666666666,
        0.16666666666666666,
        0.16666666666666666,
        0.16666666666666666,
        0.16666666666666666,
        0.16666666666666666,
        0.16666666666666666,
        0.16666666666666666,
        0.16666666666666666,
        0.08333333333333333,
        0.08333333333333333,
        0.08333333333333333,
        0.08333333333333333,
        0.08333333333333333,
        0.0,
        0.0,
        0.0,
        0.0
    ]
}