{
    "precision": [
        0.1188118811881188,
        0.12,
        0.12121212121212122,
        0.12244897959183673,
        0.12371134020618557,
        0.125,
        0.12631578947368421,
        0.1276595744680851,
        0.11827956989247312,
        0.11956521739130435,
        0.12222222222222222,
        0.12359550561797752,
        0.125,
        0.12643678160919541,
        0.12790697674418605,
        0.12941176470588237,
        0.13095238095238096,
        0.13253012048192772,
        0.12195121951219512,
        0.12345679012345678,
        0.125,
        0.12658227848101267,
        0.1282051282051282,
        0.12987012987012986,
        0.13157894736842105,
        0.13333333333333333,
        0.136986301369863,
        0.1388888888888889,
        0.14084507042253522,
        0.14285714285714285,
        0.14492753623188406,
        0.14705882352941177,
        0.13432835820895522,
        0.13636363636363635,
        0.13846153846153847,
        0.140625,
        0.14516129032258066,
        0.15,
        0.15254237288135594,
        0.15517241379310345,
        0.15789473684210525,
        0.14285714285714285,
        0.12727272727272726,
        0.12962962962962962,
        0.11320754716981132,
        0.11538461538461539,
        0.11764705882352941,
        0.12,
        0.12244897959183673,
        0.125,
        0.1276595744680851,
        0.10869565217391304,
        0.1111111111111111,
        0.11363636363636363,
        0.11627906976744186,
        0.11904761904761904,
        0.1,
        0.10256410256410256,
        0.10526315789473684,
        0.10810810810810811,
        0.1111111111111111,
        0.11428571428571428,
        0.11764705882352941,
        0.12121212121212122,
        0.125,
        0.13333333333333333,
        0.13793103448275862,
        0.14814814814814814,
        0.15384615384615385,
        0.125,
        0.13043478260869565,
        0.09090909090909091,
        0.09523809523809523,
        0.1,
        0.10526315789473684,
        0.1111111111111111,
        0.11764705882352941,
        0.125,
        0.13333333333333333,
        0.14285714285714285,
        0.07692307692307693,
        0.08333333333333333,
        0.09090909090909091,
        0.0,
        0.0,
        0.0,
        0.0,
        0.0,
        0.0,
        0.0,
        0.0,
        0.0,
        1.0
    ],
    "recall": [
        1.0,
        1.0,
        1.0,
        1.0,
        1.0,
        1.0,
        1.0,
        1.0,
        0.9166666666666666,
        0.9166666666666666,
        0.9166666666666666,
        0.9166666666666666,
        0.9166666666666666,
        0.9166666666666666,
        0.9166666666666666,
        0.9166666666666666,
        0.9166666666666666,
        0.9166666666666666,
        0.8333333333333334,
        0.8333333333333334,
        0.8333333333333334,
        0.8333333333333334,
        0.8333333333333334,
        0.8333333333333334,
        0.8333333333333334,
        0.8333333333333334,
        0.8333333333333334,
        0.8333333333333334,
        0.8333333333333334,
        0.8333333333333334,
        0.8333333333333334,
        0.8333333333333334,
        0.75,
        0.75,
        0.75,
        0.75,
        0.75,
        0.75,
        0.75,
        0.75,
        0.75,
        0.6666666666666666,
        0.5833333333333334,
        0.5833333333333334,
        0.5,
        0.5,
        0.5,
        0.5,
        0.5,
        0.5,
        0.5,
        0.4166666666666667,
        0.4166666666666667,
        0.4166666666666667,
        0.4166666666666667,
        0.4166666666666667,
        0.3333333333333333,
        0.3333333333333333,
        0.3333333333333333,
        0.3333333333333333,
        0.3333333333333333,
        0.3333333333333333,
        0.3333333333333333,
        0.3333333333333333,
        0.3333333333333333,
        0.3333333333333333,
        0.3333333333333333,
        0.3333333333333333,
        0.3333333333333333,
        0.25,
        0.25,
        0.16666666666666666,
        0.16666666666666666,
        0.16666666666666666,
        0.16666666666666666,
        0.16666666666666666,
        0.16666666666666666,
        0.16666666666666666,
        0.16666666666666666,
        0.16666666666666666,
        0.08333333333333333,
        0.08333333333333333,
        0.08333333333333333,
        0.0,
        0.0,
        0.0,
        0.0,
        0.0,
        0.0,
        0.0,
        0.0,
        0.0,
        0.0
    ]
}