{
    "precision": [
        0.1188118811881188,
        0.12,
        0.12121212121212122,
        0.12244897959183673,
        0.12371134020618557,
        0.125,
        0.12631578947368421,
        0.12903225806451613,
        0.13043478260869565,
        0.13186813186813187,
        0.13333333333333333,
        0.1348314606741573,
        0.125,
        0.12643678160919541,
        0.12790697674418605,
        0.12941176470588237,
        0.13095238095238096,
        0.13253012048192772,
        0.13414634146341464,
        0.13580246913580246,
        0.1375,
        0.13924050632911392,
        0.14102564102564102,
        0.14285714285714285,
        0.14473684210526316,
        0.14666666666666667,
        0.14864864864864866,
        0.1506849315068493,
        0.1388888888888889,
        0.14084507042253522,
        0.12857142857142856,
        0.13043478260869565,
        0.1323529411764706,
        0.13432835820895522,
        0.13636363636363635,
        0.13846153846153847,
        0.125,
        0.12698412698412698,
        0.12903225806451613,
        0.13114754098360656,
        0.11864406779661017,
        0.1206896551724138,
        0.12280701754385964,
        0.10714285714285714,
        0.1111111111111111,
        0.11320754716981132,
        0.09615384615384616,
        0.09803921568627451,
        0.1,
        0.10204081632653061,
        0.10416666666666667,
        0.0851063829787234,
        0.08695652173913043,
        0.09090909090909091,
        0.09302325581395349,
        0.09523809523809523,
        0.07317073170731707,
        0.075,
        0.07692307692307693,
        0.05405405405405406,
        0.05555555555555555,
        0.05714285714285714,
        0.058823529411764705,
        0.06060606060606061,
        0.03125,
        0.0,
        0.0,
        0.0,
        0.0,
        0.0,
        0.0,
        0.0,
        0.0,
        0.0,
        0.0,
        0.0,
        0.0,
        0.0,
        0.0,
        0.0,
        0.0,
        0.0,
        0.0,
        0.0,
        0.0,
        0.0,
        0.0,
        0.0,
        0.0,
        0.0,
        0.0,
        0.0,
        1.0
    ],
    "recall": [
        1.0,
        1.0,
        1.0,
        1.0,
        1.0,
        1.0,
        1.0,
        1.0,
        1.0,
        1.0,
        1.0,
        1.0,
        0.9166666666666666,
        0.9166666666666666,
        0.9166666666666666,
        0.9166666666666666,
        0.9166666666666666,
        0.9166666666666666,
        0.9166666666666666,
        0.9166666666666666,
        0.9166666666666666,
        0.9166666666666666,
        0.9166666666666666,
        0.9166666666666666,
        0.9166666666666666,
        0.9166666666666666,
        0.9166666666666666,
        0.9166666666666666,
        0.8333333333333334,
        0.8333333333333334,
        0.75,
        0.75,
        0.75,
        0.75,
        0.75,
        0.75,
        0.6666666666666666,
        0.6666666666666666,
        0.6666666666666666,
        0.6666666666666666,
        0.5833333333333334,
        0.5833333333333334,
        0.5833333333333334,
        0.5,
        0.5,
        0.5,
        0.4166666666666667,
        0.4166666666666667,
        0.4166666666666667,
        0.4166666666666667,
        0.4166666666666667,
        0.3333333333333333,
        0.3333333333333333,
        0.3333333333333333,
        0.3333333333333333,
        0.3333333333333333,
        0.25,
        0.25,
        0.25,
        0.16666666666666666,
        0.16666666666666666,
        0.16666666666666666,
        0.16666666666666666,
        0.16666666666666666,
        0.08333333333333333,
        0.0,
        0.0,
        0.0,
        0.0,
        0.0,
        0.0,
        0.0,
        0.0,
        0.0,
        0.0,
        0.0,
        0.0,
        0.0,
        0.0,
        0.0,
        0.0,
        0.0,
        0.0,
        0.0,
        0.0,
        0.0,
        0.0,
        0.0,
        0.0,
        0.0,
        0.0,
        0.0,
        0.0
    ]
}