{
    "precision": [
        0.1188118811881188,
        0.12121212121212122,
        0.12244897959183673,
        0.12371134020618557,
        0.11458333333333333,
        0.11578947368421053,
        0.11702127659574468,
        0.11827956989247312,
        0.11956521739130435,
        0.12087912087912088,
        0.12222222222222222,
        0.12359550561797752,
        0.125,
        0.11494252873563218,
        0.11627906976744186,
        0.11764705882352941,
        0.11904761904761904,
        0.12048192771084337,
        0.12195121951219512,
        0.1111111111111111,
        0.1125,
        0.11392405063291139,
        0.11538461538461539,
        0.11688311688311688,
        0.12,
        0.12162162162162163,
        0.1232876712328767,
        0.125,
        0.1267605633802817,
        0.12857142857142856,
        0.13043478260869565,
        0.1323529411764706,
        0.13636363636363635,
        0.13846153846153847,
        0.125,
        0.12698412698412698,
        0.12903225806451613,
        0.11475409836065574,
        0.11864406779661017,
        0.10344827586206896,
        0.10526315789473684,
        0.10909090909090909,
        0.1111111111111111,
        0.11320754716981132,
        0.11538461538461539,
        0.11764705882352941,
        0.12,
        0.12244897959183673,
        0.125,
        0.1276595744680851,
        0.13043478260869565,
        0.13636363636363635,
        0.13953488372093023,
        0.12195121951219512,
        0.125,
        0.10256410256410256,
        0.10526315789473684,
        0.10810810810810811,
        0.1111111111111111,
        0.11428571428571428,
        0.11764705882352941,
        0.12121212121212122,
        0.125,
        0.12903225806451613,
        0.13333333333333333,
        0.13793103448275862,
        0.14285714285714285,
        0.14814814814814814,
        0.15384615384615385,
        0.16,
        0.125,
        0.13043478260869565,
        0.09090909090909091,
        0.09523809523809523,
        0.1,
        0.10526315789473684,
        0.05555555555555555,
        0.058823529411764705,
        0.0625,
        0.06666666666666667,
        0.07142857142857142,
        0.07692307692307693,
        0.08333333333333333,
        0.09090909090909091,
        0.1,
        0.1111111111111111,
        0.125,
        0.16666666666666666,
        0.2,
        0.25,
        0.0,
        0.0,
        1.0
    ],
    "recall": [
        1.0,
        1.0,
        1.0,
        1.0,
        0.9166666666666666,
        0.9166666666666666,
        0.9166666666666666,
        0.9166666666666666,
        0.9166666666666666,
        0.9166666666666666,
        0.9166666666666666,
        0.9166666666666666,
        0.9166666666666666,
        0.8333333333333334,
        0.8333333333333334,
        0.8333333333333334,
        0.8333333333333334,
        0.8333333333333334,
        0.8333333333333334,
        0.75,
        0.75,
        0.75,
        0.75,
        0.75,
        0.75,
        0.75,
        0.75,
        0.75,
        0.75,
        0.75,
        0.75,
        0.75,
        0.75,
        0.75,
        0.6666666666666666,
        0.6666666666666666,
        0.6666666666666666,
        0.5833333333333334,
        0.5833333333333334,
        0.5,
        0.5,
        0.5,
        0.5,
        0.5,
        0.5,
        0.5,
        0.5,
        0.5,
        0.5,
        0.5,
        0.5,
        0.5,
        0.5,
        0.4166666666666667,
        0.4166666666666667,
        0.3333333333333333,
        0.3333333333333333,
        0.3333333333333333,
        0.3333333333333333,
        0.3333333333333333,
        0.3333333333333333,
        0.3333333333333333,
        0.3333333333333333,
        0.3333333333333333,
        0.3333333333333333,
        0.3333333333333333,
        0.3333333333333333,
        0.3333333333333333,
        0.3333333333333333,
        0.3333333333333333,
        0.25,
        0.25,
        0.16666666666666666,
        0.16666666666666666,
        0.16666666666666666,
        0.16666666666666666,
        0.08333333333333333,
        0.08333333333333333,
        0.08333333333333333,
        0.08333333333333333,
        0.08333333333333333,
        0.08333333333333333,
        0.08333333333333333,
        0.08333333333333333,
        0.08333333333333333,
        0.08333333333333333,
        0.08333333333333333,
        0.08333333333333333,
        0.08333333333333333,
        0.08333333333333333,
        0.0,
        0.0,
        0.0
    ]
}