{
    "fpr": [
        0.0,
        0.011235955056179775,
        0.0449438202247191,
        0.06741573033707865,
        0.24719101123595505,
        0.2696629213483146,
        0.30337078651685395,
        0.34831460674157305,
        0.34831460674157305,
        0.39325842696629215,
        0.4044943820224719,
        0.42696629213483145,
        0.42696629213483145,
        0.449438202247191,
        0.47191011235955055,
        0.48314606741573035,
        0.48314606741573035,
        0.5280898876404494,
        0.5280898876404494,
        0.5393258426966292,
        0.5617977528089888,
        0.5617977528089888,
        0.5842696629213483,
        0.5955056179775281,
        0.6292134831460674,
        0.6292134831460674,
        0.6853932584269663,
        0.6853932584269663,
        0.6966292134831461,
        0.6966292134831461,
        0.8651685393258427,
        0.8651685393258427,
        0.9101123595505618,
        0.9325842696629213,
        1.0
    ],
    "tpr": [
        0.0,
        0.0,
        0.0,
        0.0,
        0.0,
        0.0,
        0.0,
        0.0,
        0.16666666666666666,
        0.16666666666666666,
        0.25,
        0.25,
        0.3333333333333333,
        0.3333333333333333,
        0.3333333333333333,
        0.3333333333333333,
        0.4166666666666667,
        0.4166666666666667,
        0.5,
        0.5,
        0.5,
        0.5833333333333334,
        0.5833333333333334,
        0.6666666666666666,
        0.6666666666666666,
        0.75,
        0.75,
        0.8333333333333334,
        0.8333333333333334,
        0.9166666666666666,
        0.9166666666666666,
        1.0,
        1.0,
        1.0,
        1.0
    ]
}