{
    "fpr": [
        0.0,
        0.02247191011235955,
        0.0449438202247191,
        0.0449438202247191,
        0.0898876404494382,
        0.0898876404494382,
        0.1797752808988764,
        0.20224719101123595,
        0.23595505617977527,
        0.25842696629213485,
        0.25842696629213485,
        0.2808988764044944,
        0.2808988764044944,
        0.3258426966292135,
        0.33707865168539325,
        0.3595505617977528,
        0.3595505617977528,
        0.42696629213483145,
        0.42696629213483145,
        0.4606741573033708,
        0.47191011235955055,
        0.5393258426966292,
        0.5617977528089888,
        0.5955056179775281,
        0.5955056179775281,
        0.6179775280898876,
        0.6179775280898876,
        0.6629213483146067,
        0.6853932584269663,
        0.7865168539325843,
        0.7865168539325843,
        0.8202247191011236,
        0.8651685393258427,
        0.8876404494382022,
        0.8876404494382022,
        1.0
    ],
    "tpr": [
        0.0,
        0.0,
        0.0,
        0.08333333333333333,
        0.08333333333333333,
        0.16666666666666666,
        0.16666666666666666,
        0.16666666666666666,
        0.16666666666666666,
        0.16666666666666666,
        0.25,
        0.25,
        0.3333333333333333,
        0.3333333333333333,
        0.4166666666666667,
        0.4166666666666667,
        0.5,
        0.5,
        0.5833333333333334,
        0.5833333333333334,
        0.6666666666666666,
        0.6666666666666666,
        0.6666666666666666,
        0.6666666666666666,
        0.75,
        0.75,
        0.8333333333333334,
        0.8333333333333334,
        0.8333333333333334,
        0.8333333333333334,
        0.9166666666666666,
        0.9166666666666666,
        0.9166666666666666,
        0.9166666666666666,
        1.0,
        1.0
    ]
}