{
    "fpr": [
        0.0,
        0.011235955056179775,
        0.02247191011235955,
        0.033707865168539325,
        0.056179775280898875,
        0.07865168539325842,
        0.19101123595505617,
        0.19101123595505617,
        0.2247191011235955,
        0.2247191011235955,
        0.23595505617977527,
        0.23595505617977527,
        0.39325842696629215,
        0.39325842696629215,
        0.4044943820224719,
        0.4157303370786517,
        0.42696629213483145,
        0.449438202247191,
        0.550561797752809,
        0.5730337078651685,
        0.5842696629213483,
        0.5842696629213483,
        0.6067415730337079,
        0.6067415730337079,
        0.6292134831460674,
        0.6292134831460674,
        0.6404494382022472,
        0.6629213483146067,
        0.7415730337078652,
        0.7640449438202247,
        0.8089887640449438,
        0.8089887640449438,
        0.8651685393258427,
        0.8651685393258427,
        0.9550561797752809,
        0.9550561797752809,
        0.9775280898876404,
        1.0
    ],
    "tpr": [
        0.0,
        0.0,
        0.0,
        0.08333333333333333,
        0.08333333333333333,
        0.08333333333333333,
        0.08333333333333333,
        0.16666666666666666,
        0.16666666666666666,
        0.25,
        0.25,
        0.3333333333333333,
        0.3333333333333333,
        0.4166666666666667,
        0.4166666666666667,
        0.5,
        0.5,
        0.5,
        0.5,
        0.5,
        0.5,
        0.5833333333333334,
        0.5833333333333334,
        0.6666666666666666,
        0.6666666666666666,
        0.75,
        0.75,
        0.75,
        0.75,
        0.75,
        0.75,
        0.8333333333333334,
        0.8333333333333334,
        0.9166666666666666,
        0.9166666666666666,
        1.0,
        1.0,
        1.0
    ]
}