{
    "fpr": [
        0.0,
        0.011235955056179775,
        0.02247191011235955,
        0.0449438202247191,
        0.11235955056179775,
        0.11235955056179775,
        0.1348314606741573,
        0.1348314606741573,
        0.2247191011235955,
        0.2247191011235955,
        0.23595505617977527,
        0.24719101123595505,
        0.25842696629213485,
        0.2808988764044944,
        0.29213483146067415,
        0.3146067415730337,
        0.4044943820224719,
        0.4157303370786517,
        0.4606741573033708,
        0.4606741573033708,
        0.5280898876404494,
        0.5280898876404494,
        0.5393258426966292,
        0.5393258426966292,
        0.5730337078651685,
        0.6179775280898876,
        0.651685393258427,
        0.651685393258427,
        0.7078651685393258,
        0.7303370786516854,
        0.8089887640449438,
        0.8089887640449438,
        0.8876404494382022,
        0.9101123595505618,
        0.9213483146067416,
        0.9213483146067416,
        1.0
    ],
    "tpr": [
        0.0,
        0.0,
        0.0,
        0.0,
        0.0,
        0.08333333333333333,
        0.08333333333333333,
        0.16666666666666666,
        0.16666666666666666,
        0.25,
        0.25,
        0.3333333333333333,
        0.3333333333333333,
        0.3333333333333333,
        0.3333333333333333,
        0.3333333333333333,
        0.3333333333333333,
        0.4166666666666667,
        0.4166666666666667,
        0.5,
        0.5,
        0.5833333333333334,
        0.5833333333333334,
        0.75,
        0.75,
        0.75,
        0.75,
        0.8333333333333334,
        0.8333333333333334,
        0.8333333333333334,
        0.8333333333333334,
        0.9166666666666666,
        0.9166666666666666,
        0.9166666666666666,
        0.9166666666666666,
        1.0,
        1.0
    ]
}