{
    "fpr": [
        0.0,
        0.011235955056179775,
        0.02247191011235955,
        0.0449438202247191,
        0.16853932584269662,
        0.19101123595505617,
        0.2247191011235955,
        0.23595505617977527,
        0.25842696629213485,
        0.25842696629213485,
        0.34831460674157305,
        0.3707865168539326,
        0.4044943820224719,
        0.4044943820224719,
        0.48314606741573035,
        0.48314606741573035,
        0.4943820224719101,
        0.4943820224719101,
        0.5168539325842697,
        0.5393258426966292,
        0.550561797752809,
        0.5730337078651685,
        0.6179775280898876,
        0.6404494382022472,
        0.6741573033707865,
        0.6741573033707865,
        0.6853932584269663,
        0.6853932584269663,
        0.8089887640449438,
        0.8089887640449438,
        0.8314606741573034,
        0.8314606741573034,
        0.8426966292134831,
        0.8651685393258427,
        0.8764044943820225,
        0.8764044943820225,
        0.9438202247191011,
        0.9550561797752809,
        0.9775280898876404,
        0.9775280898876404,
        1.0
    ],
    "tpr": [
        0.0,
        0.0,
        0.0,
        0.0,
        0.0,
        0.0,
        0.0,
        0.08333333333333333,
        0.08333333333333333,
        0.16666666666666666,
        0.16666666666666666,
        0.16666666666666666,
        0.16666666666666666,
        0.25,
        0.25,
        0.3333333333333333,
        0.3333333333333333,
        0.4166666666666667,
        0.4166666666666667,
        0.4166666666666667,
        0.4166666666666667,
        0.4166666666666667,
        0.4166666666666667,
        0.4166666666666667,
        0.4166666666666667,
        0.5,
        0.5,
        0.5833333333333334,
        0.5833333333333334,
        0.6666666666666666,
        0.6666666666666666,
        0.75,
        0.75,
        0.75,
        0.75,
        0.8333333333333334,
        0.8333333333333334,
        0.9166666666666666,
        0.9166666666666666,
        1.0,
        1.0
    ]
}