{
    "0.2": 0.21238938053097345,
    "0.22": 0.21238938053097345,
    "0.24": 0.21238938053097345,
    "0.26": 0.21238938053097345,
    "0.27999999999999997": 0.21238938053097345,
    "0.29999999999999993": 0.21238938053097345,
    "0.31999999999999995": 0.0,
    "0.33999999999999997": 0.0,
    "0.35999999999999993": 0.0,
    "0.3799999999999999": 0.0,
    "0.3999999999999999": 0.0,
    "0.41999999999999993": 0.0,
    "0.4399999999999999": 0.0,
    "0.4599999999999999": 0.0,
    "0.47999999999999987": 0.0,
    "0.49999999999999983": 0.0,
    "0.5199999999999998": 0.0,
    "0.5399999999999998": 0.0,
    "0.5599999999999998": 0.0,
    "0.5799999999999998": 0.0,
    "0.5999999999999999": 0.0,
    "0.6199999999999999": 0.0,
    "0.6399999999999998": 0.0,
    "0.6599999999999997": 0.0,
    "0.6799999999999997": 0.0,
    "0.6999999999999997": 0.0,
    "0.7199999999999998": 0.0,
    "0.7399999999999998": 0.0,
    "0.7599999999999998": 0.0,
    "0.7799999999999998": 0.0,
    "0.7999999999999996": 0.0
}