{
    "0.2": 0.21238938053097345,
    "0.22": 0.21238938053097345,
    "0.24": 0.21238938053097345,
    "0.26": 0.21238938053097345,
    "0.27999999999999997": 0.22018348623853212,
    "0.29999999999999993": 0.21153846153846154,
    "0.31999999999999995": 0.22,
    "0.33999999999999997": 0.20202020202020202,
    "0.35999999999999993": 0.1956521739130435,
    "0.3799999999999999": 0.20930232558139536,
    "0.3999999999999999": 0.2222222222222222,
    "0.41999999999999993": 0.23376623376623376,
    "0.4399999999999999": 0.17391304347826086,
    "0.4599999999999999": 0.19672131147540983,
    "0.47999999999999987": 0.16,
    "0.49999999999999983": 0.17777777777777778,
    "0.5199999999999998": 0.20512820512820512,
    "0.5399999999999998": 0.11764705882352941,
    "0.5599999999999998": 0.07407407407407407,
    "0.5799999999999998": 0.07692307692307693,
    "0.5999999999999999": 0.09090909090909091,
    "0.6199999999999999": 0.11764705882352941,
    "0.6399999999999998": 0.0,
    "0.6599999999999997": 0.0,
    "0.6799999999999997": 0.0,
    "0.6999999999999997": 0.0,
    "0.7199999999999998": 0.0,
    "0.7399999999999998": 0.0,
    "0.7599999999999998": 0.0,
    "0.7799999999999998": 0.0,
    "0.7999999999999996": 0.0
}