Model,Precision,Recall,F1,ROC_AUC,ConfMatrix
Heuristic(>=58),1.0,0.87,0.93048128342246,0.935,"[[80, 0], [13, 87]]"
LogisticRegression,0.5555555555555556,1.0,0.7142857142857143,0.5,"[[0, 80], [0, 100]]"
RandomForest,0.5862068965517241,0.85,0.6938775510204082,0.55,"[[20, 60], [15, 85]]"
XGBoost,0.635593220338983,0.75,0.6880733944954128,0.60625,"[[37, 43], [25, 75]]"
CatBoost,0.6283185840707964,0.71,0.6666666666666666,0.5924999999999999,"[[38, 42], [29, 71]]"
Stacking,0.6183206106870229,0.81,0.7012987012987013,0.5925,"[[30, 50], [19, 81]]"
