{
    "adjusted_tests_avg": 0.08722147991772412,
    "fuel_regulator_test": 0.08129795441727786,
    "instructor_score_ratio": 0.07309490369858436,
    "commander_sociometric_percentile": 0.07117643552204204,
    "assessment_size": 0.059136824479499014,
    "assessment_counter": 0.056211713001769685,
    "naval_officers_formula_score": 0.05470749287014755,
    "navigation_test": 0.053464293099005036,
    "land_sea_command_ratio": 0.0493889069856817,
    "teamwork_stress_interaction": 0.04814414047172252,
    "commander_sociometric_position": 0.04769795907444549,
    "friend_sociometric_position": 0.038725152475428924,
    "motivation": 0.03750057436888776,
    "sea_rowing": 0.031820111041697664,
    "land_command": 0.03137024562703361,
    "sea_command": 0.030274728355767548,
    "sea_rowing_test": 0.02906327610070232,
    "persistence_final": 0.02821795633829524,
    "teamwork_final": 0.028089068534897763,
    "friend_sociometric_ninths": 0.024962104234200314,
    "final_instructor_score": 0.02272943437902429,
    "stem_units": 0.015705245006165294
}