{
    "heuristic": {
        "f1": 0.6074074074074074,
        "precision": 0.5256410256410257,
        "recall": 0.7192982456140351,
        "best_threshold": 0.5
    },
    "lr": {
        "f1": 0.6950354609929078,
        "precision": 0.5833333333333334,
        "recall": 0.8596491228070176,
        "best_threshold": 0.41999999999999993
    },
    "rf": {
        "f1": 0.7006369426751592,
        "precision": 0.55,
        "recall": 0.9649122807017544,
        "best_threshold": 0.41999999999999993
    },
    "nb": {
        "f1": 0.6826347305389222,
        "precision": 0.5181818181818182,
        "recall": 1.0,
        "best_threshold": 0.2
    },
    "cb": {
        "f1": 0.6826347305389222,
        "precision": 0.5181818181818182,
        "recall": 1.0,
        "best_threshold": 0.2
    },
    "ensemble": {
        "f1": 0.7074829931972789,
        "precision": 0.5777777777777777,
        "recall": 0.9122807017543859,
        "best_threshold": 0.5999999999999999
    }
}