{
    "precision": [
        0.5181818181818182,
        0.5137614678899083,
        0.5233644859813084,
        0.5238095238095238,
        0.5288461538461539,
        0.5242718446601942,
        0.5247524752475248,
        0.52,
        0.5252525252525253,
        0.5204081632653061,
        0.5263157894736842,
        0.5294117647058824,
        0.5301204819277109,
        0.524390243902439,
        0.525,
        0.5316455696202531,
        0.5277777777777778,
        0.5142857142857142,
        0.5,
        0.5079365079365079,
        0.5,
        0.5081967213114754,
        0.5166666666666667,
        0.5172413793103449,
        0.5625,
        0.5581395348837209,
        0.5714285714285714,
        0.5853658536585366,
        0.6052631578947368,
        0.5945945945945946,
        0.65625,
        0.7,
        0.6666666666666666,
        0.64,
        0.625,
        0.6,
        0.5714285714285714,
        0.5454545454545454,
        0.75,
        0.6666666666666666,
        1.0,
        1.0
    ],
    "recall": [
        1.0,
        0.9824561403508771,
        0.9824561403508771,
        0.9649122807017544,
        0.9649122807017544,
        0.9473684210526315,
        0.9298245614035088,
        0.9122807017543859,
        0.9122807017543859,
        0.8947368421052632,
        0.8771929824561403,
        0.7894736842105263,
        0.7719298245614035,
        0.7543859649122807,
        0.7368421052631579,
        0.7368421052631579,
        0.6666666666666666,
        0.631578947368421,
        0.5614035087719298,
        0.5614035087719298,
        0.543859649122807,
        0.543859649122807,
        0.543859649122807,
        0.5263157894736842,
        0.47368421052631576,
        0.42105263157894735,
        0.42105263157894735,
        0.42105263157894735,
        0.40350877192982454,
        0.38596491228070173,
        0.3684210526315789,
        0.3684210526315789,
        0.3157894736842105,
        0.2807017543859649,
        0.17543859649122806,
        0.15789473684210525,
        0.14035087719298245,
        0.10526315789473684,
        0.05263157894736842,
        0.03508771929824561,
        0.017543859649122806,
        0.0
    ]
}