{
    "precision": [
        0.5181818181818182,
        0.5137614678899083,
        0.5185185185185185,
        0.5233644859813084,
        0.5188679245283019,
        0.5288461538461539,
        0.5339805825242718,
        0.5392156862745098,
        0.5445544554455446,
        0.55,
        0.5555555555555556,
        0.5463917525773195,
        0.5520833333333334,
        0.5425531914893617,
        0.5434782608695652,
        0.5555555555555556,
        0.550561797752809,
        0.5454545454545454,
        0.5517241379310345,
        0.5647058823529412,
        0.5714285714285714,
        0.5662650602409639,
        0.5609756097560976,
        0.5555555555555556,
        0.5641025641025641,
        0.5789473684210527,
        0.5866666666666667,
        0.581081081081081,
        0.5753424657534246,
        0.5694444444444444,
        0.5774647887323944,
        0.5714285714285714,
        0.5797101449275363,
        0.5882352941176471,
        0.5970149253731343,
        0.6060606060606061,
        0.6,
        0.59375,
        0.5967741935483871,
        0.5901639344262295,
        0.6,
        0.6101694915254238,
        0.6428571428571429,
        0.6296296296296297,
        0.6226415094339622,
        0.6346153846153846,
        0.6470588235294118,
        0.6326530612244898,
        0.6458333333333334,
        0.6382978723404256,
        0.6304347826086957,
        0.6444444444444445,
        0.6744186046511628,
        0.7073170731707317,
        0.7,
        0.717948717948718,
        0.6944444444444444,
        0.6857142857142857,
        0.6764705882352942,
        0.696969696969697,
        0.71875,
        0.7,
        0.6896551724137931,
        0.6666666666666666,
        0.64,
        0.6666666666666666,
        0.6956521739130435,
        0.6818181818181818,
        0.7142857142857143,
        0.7,
        0.6842105263157895,
        0.7222222222222222,
        0.8125,
        0.8,
        0.8571428571428571,
        0.8461538461538461,
        0.7777777777777778,
        0.8571428571428571,
        0.8333333333333334,
        0.8,
        0.75,
        1.0,
        1.0,
        1.0,
        1.0
    ],
    "recall": [
        1.0,
        0.9824561403508771,
        0.9824561403508771,
        0.9824561403508771,
        0.9649122807017544,
        0.9649122807017544,
        0.9649122807017544,
        0.9649122807017544,
        0.9649122807017544,
        0.9649122807017544,
        0.9649122807017544,
        0.9298245614035088,
        0.9298245614035088,
        0.8947368421052632,
        0.8771929824561403,
        0.8771929824561403,
        0.8596491228070176,
        0.8421052631578947,
        0.8421052631578947,
        0.8421052631578947,
        0.8421052631578947,
        0.8245614035087719,
        0.8070175438596491,
        0.7894736842105263,
        0.7719298245614035,
        0.7719298245614035,
        0.7719298245614035,
        0.7543859649122807,
        0.7368421052631579,
        0.7192982456140351,
        0.7192982456140351,
        0.7017543859649122,
        0.7017543859649122,
        0.7017543859649122,
        0.7017543859649122,
        0.7017543859649122,
        0.6842105263157895,
        0.6666666666666666,
        0.6491228070175439,
        0.631578947368421,
        0.631578947368421,
        0.631578947368421,
        0.631578947368421,
        0.5964912280701754,
        0.5789473684210527,
        0.5789473684210527,
        0.5789473684210527,
        0.543859649122807,
        0.543859649122807,
        0.5263157894736842,
        0.5087719298245614,
        0.5087719298245614,
        0.5087719298245614,
        0.5087719298245614,
        0.49122807017543857,
        0.49122807017543857,
        0.43859649122807015,
        0.42105263157894735,
        0.40350877192982454,
        0.40350877192982454,
        0.40350877192982454,
        0.3684210526315789,
        0.3508771929824561,
        0.3157894736842105,
        0.2807017543859649,
        0.2807017543859649,
        0.2807017543859649,
        0.2631578947368421,
        0.2631578947368421,
        0.24561403508771928,
        0.22807017543859648,
        0.22807017543859648,
        0.22807017543859648,
        0.21052631578947367,
        0.21052631578947367,
        0.19298245614035087,
        0.12280701754385964,
        0.10526315789473684,
        0.08771929824561403,
        0.07017543859649122,
        0.05263157894736842,
        0.05263157894736842,
        0.03508771929824561,
        0.017543859649122806,
        0.0
    ]
}