{
    "precision": [
        0.5181818181818182,
        0.5256410256410257,
        1.0
    ],
    "recall": [
        1.0,
        0.7192982456140351,
        0.0
    ]
}