{
    "fpr": [
        0.0,
        0.6981132075471698,
        1.0
    ],
    "tpr": [
        0.0,
        0.7192982456140351,
        1.0
    ]
}