{
    "fpr": [
        0.0,
        0.0,
        0.018867924528301886,
        0.018867924528301886,
        0.09433962264150944,
        0.11320754716981132,
        0.11320754716981132,
        0.16981132075471697,
        0.16981132075471697,
        0.16981132075471697,
        0.20754716981132076,
        0.2830188679245283,
        0.2830188679245283,
        0.32075471698113206,
        0.3584905660377358,
        0.39622641509433965,
        0.5283018867924528,
        0.5471698113207547,
        0.5849056603773585,
        0.5849056603773585,
        0.6037735849056604,
        0.6415094339622641,
        0.6415094339622641,
        0.6981132075471698,
        0.7169811320754716,
        0.7358490566037735,
        0.7358490566037735,
        0.7547169811320755,
        0.8490566037735849,
        0.8867924528301887,
        0.8867924528301887,
        0.9056603773584906,
        0.9056603773584906,
        0.9245283018867925,
        0.9245283018867925,
        0.9433962264150944,
        0.9622641509433962,
        1.0,
        1.0
    ],
    "tpr": [
        0.0,
        0.017543859649122806,
        0.03508771929824561,
        0.05263157894736842,
        0.10526315789473684,
        0.14035087719298245,
        0.17543859649122806,
        0.2807017543859649,
        0.3157894736842105,
        0.3684210526315789,
        0.3684210526315789,
        0.38596491228070173,
        0.40350877192982454,
        0.42105263157894735,
        0.42105263157894735,
        0.47368421052631576,
        0.5263157894736842,
        0.543859649122807,
        0.543859649122807,
        0.5614035087719298,
        0.5614035087719298,
        0.631578947368421,
        0.6666666666666666,
        0.7368421052631579,
        0.7368421052631579,
        0.7543859649122807,
        0.7719298245614035,
        0.7894736842105263,
        0.8771929824561403,
        0.8947368421052632,
        0.9122807017543859,
        0.9122807017543859,
        0.9298245614035088,
        0.9473684210526315,
        0.9649122807017544,
        0.9649122807017544,
        0.9824561403508771,
        0.9824561403508771,
        1.0
    ]
}