{
    "fpr": [
        0.0,
        0.0,
        0.0,
        0.0,
        0.03773584905660377,
        0.03773584905660377,
        0.07547169811320754,
        0.07547169811320754,
        0.09433962264150944,
        0.09433962264150944,
        0.11320754716981132,
        0.11320754716981132,
        0.1320754716981132,
        0.1320754716981132,
        0.1509433962264151,
        0.18867924528301888,
        0.18867924528301888,
        0.20754716981132076,
        0.20754716981132076,
        0.24528301886792453,
        0.24528301886792453,
        0.3018867924528302,
        0.3018867924528302,
        0.3018867924528302,
        0.33962264150943394,
        0.33962264150943394,
        0.33962264150943394,
        0.49056603773584906,
        0.49056603773584906,
        0.5094339622641509,
        0.5094339622641509,
        0.5283018867924528,
        0.5283018867924528,
        0.5471698113207547,
        0.5471698113207547,
        0.6037735849056604,
        0.6037735849056604,
        0.6415094339622641,
        0.6415094339622641,
        0.660377358490566,
        0.660377358490566,
        0.7735849056603774,
        0.7735849056603774,
        0.7924528301886793,
        0.8113207547169812,
        0.8679245283018868,
        0.8679245283018868,
        0.9056603773584906,
        0.9433962264150944,
        0.9433962264150944,
        0.9811320754716981,
        0.9811320754716981,
        1.0,
        1.0
    ],
    "tpr": [
        0.0,
        0.017543859649122806,
        0.05263157894736842,
        0.07017543859649122,
        0.07017543859649122,
        0.15789473684210525,
        0.15789473684210525,
        0.19298245614035087,
        0.19298245614035087,
        0.22807017543859648,
        0.22807017543859648,
        0.24561403508771928,
        0.24561403508771928,
        0.2807017543859649,
        0.2807017543859649,
        0.2807017543859649,
        0.3333333333333333,
        0.3333333333333333,
        0.38596491228070173,
        0.38596491228070173,
        0.43859649122807015,
        0.43859649122807015,
        0.47368421052631576,
        0.5263157894736842,
        0.5263157894736842,
        0.5614035087719298,
        0.5964912280701754,
        0.5964912280701754,
        0.6140350877192983,
        0.6140350877192983,
        0.6491228070175439,
        0.6491228070175439,
        0.7017543859649122,
        0.7017543859649122,
        0.7543859649122807,
        0.7543859649122807,
        0.8070175438596491,
        0.8070175438596491,
        0.8421052631578947,
        0.8421052631578947,
        0.8596491228070176,
        0.8596491228070176,
        0.8771929824561403,
        0.8771929824561403,
        0.8947368421052632,
        0.8947368421052632,
        0.9122807017543859,
        0.9122807017543859,
        0.9122807017543859,
        0.9473684210526315,
        0.9473684210526315,
        0.9649122807017544,
        0.9824561403508771,
        1.0
    ]
}