{
    "fpr": [
        0.0,
        0.0,
        0.0,
        0.018867924528301886,
        0.018867924528301886,
        0.05660377358490566,
        0.05660377358490566,
        0.09433962264150944,
        0.09433962264150944,
        0.11320754716981132,
        0.11320754716981132,
        0.11320754716981132,
        0.1320754716981132,
        0.1320754716981132,
        0.1509433962264151,
        0.1509433962264151,
        0.16981132075471697,
        0.16981132075471697,
        0.22641509433962265,
        0.22641509433962265,
        0.24528301886792453,
        0.24528301886792453,
        0.2641509433962264,
        0.2641509433962264,
        0.3018867924528302,
        0.3018867924528302,
        0.3584905660377358,
        0.3584905660377358,
        0.39622641509433965,
        0.39622641509433965,
        0.4528301886792453,
        0.4528301886792453,
        0.4716981132075472,
        0.4716981132075472,
        0.49056603773584906,
        0.49056603773584906,
        0.49056603773584906,
        0.5471698113207547,
        0.5471698113207547,
        0.5660377358490566,
        0.5849056603773585,
        0.6037735849056604,
        0.6037735849056604,
        0.6226415094339622,
        0.6415094339622641,
        0.6981132075471698,
        0.6981132075471698,
        0.7358490566037735,
        0.7358490566037735,
        0.8113207547169812,
        0.8113207547169812,
        0.8490566037735849,
        0.8490566037735849,
        0.9056603773584906,
        0.9056603773584906,
        0.9245283018867925,
        0.9245283018867925,
        1.0
    ],
    "tpr": [
        0.0,
        0.017543859649122806,
        0.05263157894736842,
        0.05263157894736842,
        0.07017543859649122,
        0.07017543859649122,
        0.15789473684210525,
        0.15789473684210525,
        0.17543859649122806,
        0.17543859649122806,
        0.19298245614035087,
        0.22807017543859648,
        0.22807017543859648,
        0.24561403508771928,
        0.24561403508771928,
        0.3157894736842105,
        0.3157894736842105,
        0.38596491228070173,
        0.38596491228070173,
        0.42105263157894735,
        0.42105263157894735,
        0.43859649122807015,
        0.43859649122807015,
        0.45614035087719296,
        0.45614035087719296,
        0.49122807017543857,
        0.49122807017543857,
        0.5087719298245614,
        0.5087719298245614,
        0.5263157894736842,
        0.5263157894736842,
        0.5964912280701754,
        0.5964912280701754,
        0.631578947368421,
        0.631578947368421,
        0.7192982456140351,
        0.7543859649122807,
        0.7543859649122807,
        0.7719298245614035,
        0.7719298245614035,
        0.7894736842105263,
        0.7894736842105263,
        0.8245614035087719,
        0.8245614035087719,
        0.8421052631578947,
        0.8421052631578947,
        0.8596491228070176,
        0.8596491228070176,
        0.8947368421052632,
        0.8947368421052632,
        0.9122807017543859,
        0.9122807017543859,
        0.9649122807017544,
        0.9649122807017544,
        0.9824561403508771,
        0.9824561403508771,
        1.0,
        1.0
    ]
}