{
    "fpr": [
        0.0,
        0.0,
        0.0,
        0.018867924528301886,
        0.018867924528301886,
        0.03773584905660377,
        0.03773584905660377,
        0.03773584905660377,
        0.05660377358490566,
        0.05660377358490566,
        0.09433962264150944,
        0.11320754716981132,
        0.11320754716981132,
        0.1320754716981132,
        0.1320754716981132,
        0.16981132075471697,
        0.16981132075471697,
        0.16981132075471697,
        0.16981132075471697,
        0.20754716981132076,
        0.20754716981132076,
        0.20754716981132076,
        0.22641509433962265,
        0.22641509433962265,
        0.3018867924528302,
        0.32075471698113206,
        0.32075471698113206,
        0.33962264150943394,
        0.33962264150943394,
        0.37735849056603776,
        0.37735849056603776,
        0.37735849056603776,
        0.4339622641509434,
        0.4716981132075472,
        0.4716981132075472,
        0.49056603773584906,
        0.49056603773584906,
        0.5660377358490566,
        0.5660377358490566,
        0.5849056603773585,
        0.5849056603773585,
        0.6037735849056604,
        0.6415094339622641,
        0.6792452830188679,
        0.6792452830188679,
        0.6981132075471698,
        0.7358490566037735,
        0.7547169811320755,
        0.7547169811320755,
        0.7924528301886793,
        0.8113207547169812,
        0.8113207547169812,
        0.8301886792452831,
        0.8301886792452831,
        0.9245283018867925,
        0.9622641509433962,
        0.9622641509433962,
        1.0,
        1.0
    ],
    "tpr": [
        0.0,
        0.017543859649122806,
        0.05263157894736842,
        0.05263157894736842,
        0.10526315789473684,
        0.12280701754385964,
        0.19298245614035087,
        0.21052631578947367,
        0.21052631578947367,
        0.22807017543859648,
        0.22807017543859648,
        0.22807017543859648,
        0.2631578947368421,
        0.2631578947368421,
        0.2807017543859649,
        0.2807017543859649,
        0.3508771929824561,
        0.3684210526315789,
        0.40350877192982454,
        0.40350877192982454,
        0.43859649122807015,
        0.49122807017543857,
        0.49122807017543857,
        0.5087719298245614,
        0.5087719298245614,
        0.5087719298245614,
        0.543859649122807,
        0.543859649122807,
        0.5789473684210527,
        0.5789473684210527,
        0.5964912280701754,
        0.631578947368421,
        0.631578947368421,
        0.631578947368421,
        0.6491228070175439,
        0.6666666666666666,
        0.7017543859649122,
        0.7017543859649122,
        0.7192982456140351,
        0.7192982456140351,
        0.7719298245614035,
        0.7719298245614035,
        0.7719298245614035,
        0.7894736842105263,
        0.8421052631578947,
        0.8421052631578947,
        0.8421052631578947,
        0.8421052631578947,
        0.8771929824561403,
        0.8771929824561403,
        0.8947368421052632,
        0.9298245614035088,
        0.9298245614035088,
        0.9649122807017544,
        0.9649122807017544,
        0.9649122807017544,
        0.9824561403508771,
        0.9824561403508771,
        1.0
    ]
}