{
    "fpr": [
        0.0,
        0.0,
        0.0,
        0.018867924528301886,
        0.018867924528301886,
        0.03773584905660377,
        0.03773584905660377,
        0.05660377358490566,
        0.05660377358490566,
        0.09433962264150944,
        0.09433962264150944,
        0.1320754716981132,
        0.1320754716981132,
        0.1509433962264151,
        0.1509433962264151,
        0.20754716981132076,
        0.20754716981132076,
        0.24528301886792453,
        0.24528301886792453,
        0.24528301886792453,
        0.24528301886792453,
        0.2641509433962264,
        0.3018867924528302,
        0.32075471698113206,
        0.32075471698113206,
        0.33962264150943394,
        0.33962264150943394,
        0.41509433962264153,
        0.41509433962264153,
        0.5094339622641509,
        0.5094339622641509,
        0.5283018867924528,
        0.5283018867924528,
        0.5283018867924528,
        0.5283018867924528,
        0.5660377358490566,
        0.5660377358490566,
        0.6226415094339622,
        0.6226415094339622,
        0.660377358490566,
        0.660377358490566,
        0.6792452830188679,
        0.6792452830188679,
        0.6981132075471698,
        0.7169811320754716,
        0.7169811320754716,
        0.8301886792452831,
        0.8301886792452831,
        0.8679245283018868,
        0.8679245283018868,
        0.8867924528301887,
        0.9056603773584906,
        0.9433962264150944,
        1.0,
        1.0
    ],
    "tpr": [
        0.0,
        0.017543859649122806,
        0.03508771929824561,
        0.03508771929824561,
        0.07017543859649122,
        0.07017543859649122,
        0.14035087719298245,
        0.14035087719298245,
        0.2807017543859649,
        0.2807017543859649,
        0.2982456140350877,
        0.2982456140350877,
        0.3157894736842105,
        0.3157894736842105,
        0.3333333333333333,
        0.3333333333333333,
        0.3508771929824561,
        0.3508771929824561,
        0.43859649122807015,
        0.47368421052631576,
        0.543859649122807,
        0.543859649122807,
        0.543859649122807,
        0.543859649122807,
        0.5789473684210527,
        0.5789473684210527,
        0.5964912280701754,
        0.5964912280701754,
        0.631578947368421,
        0.631578947368421,
        0.6491228070175439,
        0.6491228070175439,
        0.6842105263157895,
        0.7192982456140351,
        0.7368421052631579,
        0.7368421052631579,
        0.7719298245614035,
        0.7719298245614035,
        0.7894736842105263,
        0.7894736842105263,
        0.8245614035087719,
        0.8245614035087719,
        0.8771929824561403,
        0.8771929824561403,
        0.8947368421052632,
        0.9122807017543859,
        0.9122807017543859,
        0.9298245614035088,
        0.9298245614035088,
        0.9473684210526315,
        0.9649122807017544,
        0.9649122807017544,
        0.9649122807017544,
        0.9649122807017544,
        1.0
    ]
}