{
    "0.2": 0.6826347305389222,
    "0.22": 0.6826347305389222,
    "0.24": 0.6826347305389222,
    "0.26": 0.6826347305389222,
    "0.27999999999999997": 0.6826347305389222,
    "0.29999999999999993": 0.6746987951807228,
    "0.31999999999999995": 0.6829268292682927,
    "0.33999999999999997": 0.6748466257668712,
    "0.35999999999999993": 0.6832298136645962,
    "0.3799999999999999": 0.6832298136645962,
    "0.3999999999999999": 0.6962025316455697,
    "0.41999999999999993": 0.7006369426751592,
    "0.4399999999999999": 0.6883116883116883,
    "0.4599999999999999": 0.6711409395973155,
    "0.47999999999999987": 0.6666666666666666,
    "0.49999999999999983": 0.6714285714285714,
    "0.5199999999999998": 0.6616541353383458,
    "0.5399999999999998": 0.6564885496183206,
    "0.5599999999999998": 0.6349206349206349,
    "0.5799999999999998": 0.6101694915254238,
    "0.5999999999999999": 0.6126126126126126,
    "0.6199999999999999": 0.5769230769230769,
    "0.6399999999999998": 0.5833333333333334,
    "0.6599999999999997": 0.5168539325842697,
    "0.6799999999999997": 0.3950617283950617,
    "0.6999999999999997": 0.3466666666666667,
    "0.7199999999999998": 0.3561643835616438,
    "0.7399999999999998": 0.3142857142857143,
    "0.7599999999999998": 0.1875,
    "0.7799999999999998": 0.1,
    "0.7999999999999996": 0.034482758620689655
}