{
    "0.2": 0.6826347305389222,
    "0.22": 0.6826347305389222,
    "0.24": 0.6746987951807228,
    "0.26": 0.6625766871165644,
    "0.27999999999999997": 0.6666666666666666,
    "0.29999999999999993": 0.6625,
    "0.31999999999999995": 0.6624203821656051,
    "0.33999999999999997": 0.6709677419354839,
    "0.35999999999999993": 0.6623376623376623,
    "0.3799999999999999": 0.6754966887417219,
    "0.3999999999999999": 0.6758620689655173,
    "0.41999999999999993": 0.6950354609929078,
    "0.4399999999999999": 0.6811594202898551,
    "0.4599999999999999": 0.6814814814814815,
    "0.47999999999999987": 0.6666666666666666,
    "0.49999999999999983": 0.6290322580645161,
    "0.5199999999999998": 0.6065573770491803,
    "0.5399999999999998": 0.5811965811965812,
    "0.5599999999999998": 0.6126126126126126,
    "0.5799999999999998": 0.5769230769230769,
    "0.5999999999999999": 0.5102040816326531,
    "0.6199999999999999": 0.5208333333333334,
    "0.6399999999999998": 0.4835164835164835,
    "0.6599999999999997": 0.40476190476190477,
    "0.6799999999999997": 0.3466666666666667,
    "0.6999999999999997": 0.28169014084507044,
    "0.7199999999999998": 0.2647058823529412,
    "0.7399999999999998": 0.18461538461538463,
    "0.7599999999999998": 0.12698412698412698,
    "0.7799999999999998": 0.12903225806451613,
    "0.7999999999999996": 0.13114754098360656
}