{
    "0.2": 0.6826347305389222,
    "0.22": 0.6826347305389222,
    "0.24": 0.6826347305389222,
    "0.26": 0.6826347305389222,
    "0.27999999999999997": 0.6826347305389222,
    "0.29999999999999993": 0.6826347305389222,
    "0.31999999999999995": 0.6826347305389222,
    "0.33999999999999997": 0.6826347305389222,
    "0.35999999999999993": 0.6826347305389222,
    "0.3799999999999999": 0.6826347305389222,
    "0.3999999999999999": 0.6826347305389222,
    "0.41999999999999993": 0.6826347305389222,
    "0.4399999999999999": 0.6826347305389222,
    "0.4599999999999999": 0.6826347305389222,
    "0.47999999999999987": 0.6746987951807228,
    "0.49999999999999983": 0.6746987951807228,
    "0.5199999999999998": 0.6748466257668712,
    "0.5399999999999998": 0.6878980891719745,
    "0.5599999999999998": 0.6838709677419355,
    "0.5799999999999998": 0.6842105263157895,
    "0.5999999999999999": 0.7074829931972789,
    "0.6199999999999999": 0.6666666666666666,
    "0.6399999999999998": 0.6507936507936508,
    "0.6599999999999997": 0.6206896551724138,
    "0.6799999999999997": 0.6111111111111112,
    "0.6999999999999997": 0.4946236559139785,
    "0.7199999999999998": 0.43037974683544306,
    "0.7399999999999998": 0.30985915492957744,
    "0.7599999999999998": 0.15625,
    "0.7799999999999998": 0.06779661016949153,
    "0.7999999999999996": 0.034482758620689655
}